Workbook

Sheet Listas
A1: FechasPRE | B1: FechasPOST | C1: SiNo | D1: EstadoCita | E1: Categoria | F1: CanalPRE | G1: Sexo | H1: EstadoPaciente
A2: 46267 | B2: 46297 | C2: Sí | D2: Asistió | E2: Citas | F2: Presencial | G2: M | H2: Activo
A3: 46269 | B3: 46300 | C3: No | D3: No asistió | E3: Horarios | F3: Telefónico | G3: F | H3: Inactivo
A4: 46272 | B4: 46302 | D4: Cancelada | E4: Información institucional | F4: WhatsApp institucional
A5: 46274 | B5: 46304 | D5: Reprogramada | E5: Requisitos
A6: 46276 | B6: 46307 | E6: Ubicación
A7: 46279 | B7: 46309 | E7: Seguimiento administrativo
A8: 46281 | B8: 46311 | E8: Otro
A9: 46283 | B9: 46314
A10: 46286 | B10: 46316
A11: 46288 | B11: 46318
A12: 46290 | B12: 46321
A13: 46293 | B13: 46323
A14: 46295 | B14: 46325

Sheet Configuracion
A1: CONFIGURACIÓN DEL ESTUDIO
A2: Código de estudio: | B2: SWC-FO-2026 (Sistema Web con Chatbot - Fundación Oncológica - 2026)
A3: Título: | B3: Sistema web con chatbot para la gestión de pacientes en una fundación oncológica privada de Lima, 2026
A4: Diseño: | B4: Pre-experimental de un solo grupo, con pretest y postest, comparados mediante 13 sesiones equivalentes
A5: Fechas PRETEST (lun/mié/vie): | B5: 02/09/2026, 04/09/2026, 07/09/2026, 09/09/2026, 11/09/2026, 14/09/2026, 16/09/2026, 18/09/2026, 21/09/2026, 23/09/2026, 25/09/2026, 28/09/2026, 30/09/2026
A6: Fechas POSTEST (lun/mié/vie): | B6: 02/10/2026, 05/10/2026, 07/10/2026, 09/10/2026, 12/10/2026, 14/10/2026, 16/10/2026, 19/10/2026, 21/10/2026, 23/10/2026, 26/10/2026, 28/10/2026, 30/10/2026
A7: Unidad de análisis - TPR: | B7: Cada proceso de registro de paciente efectivamente ejecutado
A8: Unidad de análisis - Ausentismo: | B8: Cada cita médica programada elegible (se excluyen citas canceladas o reprogramadas con anticipación)
A9: Unidad de análisis - Consultas: | B9: Cada consulta administrativa recibida por el canal correspondiente
A10: Fórmula TPR: | B10: TPR = (Σ tiempo de cada registro) / (N.° de registros), en minutos
A11: Fórmula Tasa de Ausentismo: | B11: TA = (N.° de citas no asistidas sin previo aviso / N.° de citas programadas elegibles) x 100
A12: Fórmula Nivel de Consultas Atendidas: | B12: NCA = (N.° de consultas resueltas correctamente / N.° de consultas recibidas) x 100
A13: Criterios de inclusión: | B13: Pacientes activos de la fundación oncológica durante el período de estudio, mayores de edad, con al menos una cita registrada en el sistema y que acepten participar mediante consentimiento informado.
... A15: Regla de calidad de datos: | B15: Registrar únicamente los eventos que realmente ocurrieron cada sesión. No completar filas artificiales para alcanzar un número fijo de registros, citas o consultas.
A17: CÓMO USAR ESTE ARCHIVO
A18: 1. Use la hoja Pacientes para registrar a los 30 participantes (código, edad, sexo). Si aparece un paciente nuevo durante el postest que no estaba en la lista original, agréguelo al final.
A19: 2. En cada hoja PRE/POST (TPR, Ausentismo, Consultas), agregue una fila por cada evento real (registro, cita o consulta) que haya ocurrido, seleccionando la fecha de la lista desplegable. No es necesario llenar un número fijo de filas por sesión.
A20: 3. Las celdas en amarillo son las que debe completar con datos reales. Las columnas de fecha y las categóricas tienen lista desplegable para evitar errores de escritura.
A21: 4. La hoja Sesiones calcula automáticamente el valor de cada indicador por sesión (13 PRE y 13 POST) a partir de lo que usted haya registrado. No edite esa hoja manualmente.
A22: 5. La hoja Resumen_PRE_POST muestra el promedio general de cada indicador; se actualiza sola.

Sheet Pacientes
A1: Código | B1: Edad | C1: Sexo | D1: Estado | E1: Participó en la muestra original (30)
A2: PAC-01 | E2: Sí
A3: PAC-02 | E3: Sí
A4: PAC-03 | E4: Sí
A5: PAC-04 | E5: Sí
A6: PAC-05 | E6: Sí
A7: PAC-06 | E7: Sí
A8: PAC-07 | E8: Sí
A9: PAC-08 | E9: Sí
A10: PAC-09 | E10: Sí
A11: PAC-10 | E11: Sí
A12: PAC-11 | E12: Sí
A13: PAC-12 | E13: Sí
... A31: PAC-30 | E31: Sí
E32: No (nuevo)
E33: No (nuevo)
E34: No (nuevo)
E35: No (nuevo)
E36: No (nuevo)
E37: No (nuevo)
E38: No (nuevo)
E39: No (nuevo)
E40: No (nuevo)
E41: No (nuevo)
E42: No (nuevo)
E43: No (nuevo)
... E46: No (nuevo)

Sheet TPR_PRE
A1: ID registro | B1: Fecha | C1: Código paciente | D1: Hora inicio registro | E1: Hora fin registro | F1: TPR (min) | G1: Modalidad
A2: Ej. | B2: 46267 | C2: PAC-00 | D2: 0.37638889 | E2: 0.38159722 | F2: =(E2-D2)*1440 -> 7.5 | G2: Manual
A3: =IF(B3="","",ROW()-2) | F3: =IF(OR(D3="",E3=""),"",(E3-D3)*1440) | G3: Manual
A4: =IF(B4="","",ROW()-2) | F4: =IF(OR(D4="",E4=""),"",(E4-D4)*1440) | G4: Manual
A5: =IF(B5="","",ROW()-2) | F5: =IF(OR(D5="",E5=""),"",(E5-D5)*1440) | G5: Manual
A6: =IF(B6="","",ROW()-2) | F6: =IF(OR(D6="",E6=""),"",(E6-D6)*1440) | G6: Manual
A7: =IF(B7="","",ROW()-2) | F7: =IF(OR(D7="",E7=""),"",(E7-D7)*1440) | G7: Manual
A8: =IF(B8="","",ROW()-2) | F8: =IF(OR(D8="",E8=""),"",(E8-D8)*1440) | G8: Manual
A9: =IF(B9="","",ROW()-2) | F9: =IF(OR(D9="",E9=""),"",(E9-D9)*1440) | G9: Manual
A10: =IF(B10="","",ROW()-2) | F10: =IF(OR(D10="",E10=""),"",(E10-D10)*1440) | G10: Manual
A11: =IF(B11="","",ROW()-2) | F11: =IF(OR(D11="",E11=""),"",(E11-D11)*1440) | G11: Manual
A12: =IF(B12="","",ROW()-2) | F12: =IF(OR(D12="",E12=""),"",(E12-D12)*1440) | G12: Manual
A13: =IF(B13="","",ROW()-2) | F13: =IF(OR(D13="",E13=""),"",(E13-D13)*1440) | G13: Manual
A14: =IF(B14="","",ROW()-2) | F14: =IF(OR(D14="",E14=""),"",(E14-D14)*1440) | G14: Manual
... A202: =IF(B202="","",ROW()-2) | F202: =IF(OR(D202="",E202=""),"",(E202-D202)*1440) | G202: Manual

Sheet TPR_POST
A1: ID registro | B1: Fecha | C1: Código paciente | D1: Hora inicio registro | E1: Hora fin registro | F1: TPR (min) | G1: Modalidad
A2: Ej. | B2: 46267 | C2: PAC-00 | D2: 0.37638889 | E2: 0.38159722 | F2: =(E2-D2)*1440 -> 7.5 | G2: Sistema
A3: =IF(B3="","",ROW()-2) | F3: =IF(OR(D3="",E3=""),"",(E3-D3)*1440) | G3: Sistema
A4: =IF(B4="","",ROW()-2) | F4: =IF(OR(D4="",E4=""),"",(E4-D4)*1440) | G4: Sistema
A5: =IF(B5="","",ROW()-2) | F5: =IF(OR(D5="",E5=""),"",(E5-D5)*1440) | G5: Sistema
A6: =IF(B6="","",ROW()-2) | F6: =IF(OR(D6="",E6=""),"",(E6-D6)*1440) | G6: Sistema
A7: =IF(B7="","",ROW()-2) | F7: =IF(OR(D7="",E7=""),"",(E7-D7)*1440) | G7: Sistema
A8: =IF(B8="","",ROW()-2) | F8: =IF(OR(D8="",E8=""),"",(E8-D8)*1440) | G8: Sistema
A9: =IF(B9="","",ROW()-2) | F9: =IF(OR(D9="",E9=""),"",(E9-D9)*1440) | G9: Sistema
A10: =IF(B10="","",ROW()-2) | F10: =IF(OR(D10="",E10=""),"",(E10-D10)*1440) | G10: Sistema
A11: =IF(B11="","",ROW()-2) | F11: =IF(OR(D11="",E11=""),"",(E11-D11)*1440) | G11: Sistema
A12: =IF(B12="","",ROW()-2) | F12: =IF(OR(D12="",E12=""),"",(E12-D12)*1440) | G12: Sistema
A13: =IF(B13="","",ROW()-2) | F13: =IF(OR(D13="",E13=""),"",(E13-D13)*1440) | G13: Sistema
A14: =IF(B14="","",ROW()-2) | F14: =IF(OR(D14="",E14=""),"",(E14-D14)*1440) | G14: Sistema
... A202: =IF(B202="","",ROW()-2) | F202: =IF(OR(D202="",E202=""),"",(E202-D202)*1440) | G202: Sistema

Sheet Ausentismo_PRE
A1: ID cita | B1: Fecha | C1: Código paciente | D1: Cita programada | E1: Estado | F1: Motivo (si no asistió) | G1: Recordatorio enviado
A2: Ej. | B2: 46267 | C2: PAC-00 | D2: Sí | E2: No asistió | F2: Sin aviso | G2: No
A3: =IF(B3="","",ROW()-2)
A4: =IF(B4="","",ROW()-2)
A5: =IF(B5="","",ROW()-2)
A6: =IF(B6="","",ROW()-2)
A7: =IF(B7="","",ROW()-2)
A8: =IF(B8="","",ROW()-2)
A9: =IF(B9="","",ROW()-2)
A10: =IF(B10="","",ROW()-2)
A11: =IF(B11="","",ROW()-2)
A12: =IF(B12="","",ROW()-2)
A13: =IF(B13="","",ROW()-2)
A14: =IF(B14="","",ROW()-2)
... A202: =IF(B202="","",ROW()-2)

Sheet Ausentismo_POST
A1: ID cita | B1: Fecha | C1: Código paciente | D1: Cita programada | E1: Estado | F1: Motivo (si no asistió) | G1: Recordatorio enviado
A2: Ej. | B2: 46267 | C2: PAC-00 | D2: Sí | E2: No asistió | F2: Sin aviso | G2: No
A3: =IF(B3="","",ROW()-2)
A4: =IF(B4="","",ROW()-2)
A5: =IF(B5="","",ROW()-2)
A6: =IF(B6="","",ROW()-2)
A7: =IF(B7="","",ROW()-2)
A8: =IF(B8="","",ROW()-2)
A9: =IF(B9="","",ROW()-2)
A10: =IF(B10="","",ROW()-2)
A11: =IF(B11="","",ROW()-2)
A12: =IF(B12="","",ROW()-2)
A13: =IF(B13="","",ROW()-2)
A14: =IF(B14="","",ROW()-2)
... A202: =IF(B202="","",ROW()-2)

Sheet Consultas_PRE
A1: ID consulta | B1: Fecha | C1: Código paciente | D1: Categoría | E1: Canal | F1: Resuelta | G1: Derivada a personal humano | H1: Tiempo de respuesta (min)
A2: Ej. | B2: 46267 | C2: PAC-00 | D2: Horario de atención | E2: Presencial | F2: Sí | G2: No | H2: 3
A3: =IF(B3="","",ROW()-2)
A4: =IF(B4="","",ROW()-2)
A5: =IF(B5="","",ROW()-2)
A6: =IF(B6="","",ROW()-2)
A7: =IF(B7="","",ROW()-2)
A8: =IF(B8="","",ROW()-2)
A9: =IF(B9="","",ROW()-2)
A10: =IF(B10="","",ROW()-2)
A11: =IF(B11="","",ROW()-2)
A12: =IF(B12="","",ROW()-2)
A13: =IF(B13="","",ROW()-2)
A14: =IF(B14="","",ROW()-2)
... A202: =IF(B202="","",ROW()-2)

Sheet Consultas_POST
A1: ID consulta | B1: Fecha | C1: Código paciente | D1: Categoría | E1: Canal | F1: Resuelta | G1: Derivada a personal humano | H1: Tiempo de respuesta (min)
A2: Ej. | B2: 46267 | C2: PAC-00 | D2: Horario de atención | E2: Chatbot | F2: Sí | G2: No | H2: 3
A3: =IF(B3="","",ROW()-2) | E3: Chatbot
A4: =IF(B4="","",ROW()-2) | E4: Chatbot
A5: =IF(B5="","",ROW()-2) | E5: Chatbot
A6: =IF(B6="","",ROW()-2) | E6: Chatbot
A7: =IF(B7="","",ROW()-2) | E7: Chatbot
A8: =IF(B8="","",ROW()-2) | E8: Chatbot
A9: =IF(B9="","",ROW()-2) | E9: Chatbot
A10: =IF(B10="","",ROW()-2) | E10: Chatbot
A11: =IF(B11="","",ROW()-2) | E11: Chatbot
A12: =IF(B12="","",ROW()-2) | E12: Chatbot
A13: =IF(B13="","",ROW()-2) | E13: Chatbot
A14: =IF(B14="","",ROW()-2) | E14: Chatbot
... A202: =IF(B202="","",ROW()-2) | E202: Chatbot

Sheet Sesiones
A1: Par | B1: Fecha PRE | C1: TPR PRE (min) | D1: Ausentismo PRE (%) | E1: Consultas PRE (%) | F1: Fecha POST | G1: TPR POST (min) | H1: Ausentismo POST (%) | I1: Consultas POST (%)
A2: 1 | B2: 46267 | C2: =IFERROR(AVERAGEIFS(TPR_PRE!$F$3:$F$202,TPR_PRE!$B$3:$B$202,B2),"") | D2: =IFERROR(COUNTIFS(Ausentismo_PRE!$B$3:$B$202,B2,Ausentismo_PRE!$E$3:$E$202,"No asistió")/(COUNTIFS(Ausentismo_PRE!$B$3:$B$202,B2,Ausentismo_PRE!$E$3:$E$202,"No asistió")+COUNTIFS(Ausentismo_PRE!$B$3:$B$202,B2,Ausentismo_PRE!$E$3:$E$202,"Asistió")),"") | E2: =IFERROR(COUNTIFS(Consultas_PRE!$B$3:$B$202,B2,Consultas_PRE!$F$3:$F$202,"Sí")/COUNTIFS(Consultas_PRE!$B$3:$B$202,B2),"") | F2: 46297 | G2: =IFERROR(AVERAGEIFS(TPR_POST!$F$3:$F$202,TPR_POST!$B$3:$B$202,F2),"") | H2: =IFERROR(COUNTIFS(Ausentismo_POST!$B$3:$B$202,F2,Ausentismo_POST!$E$3:$E$202,"No asistió")/(COUNTIFS(Ausentismo_POST!$B$3:$B$202,F2,Ausentismo_POST!$E$3:$E$202,"No asistió")+COUNTIFS(Ausentismo_POST!$B$3:$B$202,F2,Ausentismo_POST!$E$3:$E$202,"Asistió")),"") | I2: =IFERROR(COUNTIFS(Consultas_POST!$B$3:$B$202,F2,Consultas_POST!$F$3:$F$202,"Sí")/COUNTIFS(Consultas_POST!$B$3:$B$202,F2),"")
A3: 2 | B3: 46269 | C3: =IFERROR(AVERAGEIFS(TPR_PRE!$F$3:$F$202,TPR_PRE!$B$3:$B$202,B3),"") | D3: =IFERROR(COUNTIFS(Ausentismo_PRE!$B$3:$B$202,B3,Ausentismo_PRE!$E$3:$E$202,"No asistió")/(COUNTIFS(Ausentismo_PRE!$B$3:$B$202,B3,Ausentismo_PRE!$E$3:$E$202,"No asistió")+COUNTIFS(Ausentismo_PRE!$B$3:$B$202,B3,Ausentismo_PRE!$E$3:$E$202,"Asistió")),"") | E3: =IFERROR(COUNTIFS(Consultas_PRE!$B$3:$B$202,B3,Consultas_PRE!$F$3:$F$202,"Sí")/COUNTIFS(Consultas_PRE!$B$3:$B$202,B3),"") | F3: 46300 | G3: =IFERROR(AVERAGEIFS(TPR_POST!$F$3:$F$202,TPR_POST!$B$3:$B$202,F3),"") | H3: =IFERROR(COUNTIFS(Ausentismo_POST!$B$3:$B$202,F3,Ausentismo_POST!$E$3:$E$202,"No asistió")/(COUNTIFS(Ausentismo_POST!$B$3:$B$202,F3,Ausentismo_POST!$E$3:$E$202,"No asistió")+COUNTIFS(Ausentismo_POST!$B$3:$B$202,F3,Ausentismo_POST!$E$3:$E$202,"Asistió")),"") | I3: =IFERROR(COUNTIFS(Consultas_POST!$B$3:$B$202,F3,Consultas_POST!$F$3:$F$202,"Sí")/COUNTIFS(Consultas_POST!$B$3:$B$202,F3),"")
A4: 3 | B4: 46272 | C4: =IFERROR(AVERAGEIFS(TPR_PRE!$F$3:$F$202,TPR_PRE!$B$3:$B$202,B4),"") | D4: =IFERROR(COUNTIFS(Ausentismo_PRE!$B$3:$B$202,B4,Ausentismo_PRE!$E$3:$E$202,"No asistió")/(COUNTIFS(Ausentismo_PRE!$B$3:$B$202,B4,Ausentismo_PRE!$E$3:$E$202,"No asistió")+COUNTIFS(Ausentismo_PRE!$B$3:$B$202,B4,Ausentismo_PRE!$E$3:$E$202,"Asistió")),"") | E4: =IFERROR(COUNTIFS(Consultas_PRE!$B$3:$B$202,B4,Consultas_PRE!$F$3:$F$202,"Sí")/COUNTIFS(Consultas_PRE!$B$3:$B$202,B4),"") | F4: 46302 | G4: =IFERROR(AVERAGEIFS(TPR_POST!$F$3:$F$202,TPR_POST!$B$3:$B$202,F4),"") | H4: =IFERROR(COUNTIFS(Ausentismo_POST!$B$3:$B$202,F4,Ausentismo_POST!$E$3:$E$202,"No asistió")/(COUNTIFS(Ausentismo_POST!$B$3:$B$202,F4,Ausentismo_POST!$E$3:$E$202,"No asistió")+COUNTIFS(Ausentismo_POST!$B$3:$B$202,F4,Ausentismo_POST!$E$3:$E$202,"Asistió")),"") | I4: =IFERROR(COUNTIFS(Consultas_POST!$B$3:$B$202,F4,Consultas_POST!$F$3:$F$202,"Sí")/COUNTIFS(Consultas_POST!$B$3:$B$202,F4),"")
A5: 4 | B5: 46274 | C5: =IFERROR(AVERAGEIFS(TPR_PRE!$F$3:$F$202,TPR_PRE!$B$3:$B$202,B5),"") | D5: =IFERROR(COUNTIFS(Ausentismo_PRE!$B$3:$B$202,B5,Ausentismo_PRE!$E$3:$E$202,"No asistió")/(COUNTIFS(Ausentismo_PRE!$B$3:$B$202,B5,Ausentismo_PRE!$E$3:$E$202,"No asistió")+COUNTIFS(Ausentismo_PRE!$B$3:$B$202,B5,Ausentismo_PRE!$E$3:$E$202,"Asistió")),"") | E5: =IFERROR(COUNTIFS(Consultas_PRE!$B$3:$B$202,B5,Consultas_PRE!$F$3:$F$202,"Sí")/COUNTIFS(Consultas_PRE!$B$3:$B$202,B5),"") | F5: 46304 | G5: =IFERROR(AVERAGEIFS(TPR_POST!$F$3:$F$202,TPR_POST!$B$3:$B$202,F5),"") | H5: =IFERROR(COUNTIFS(Ausentismo_POST!$B$3:$B$202,F5,Ausentismo_POST!$E$3:$E$202,"No asistió")/(COUNTIFS(Ausentismo_POST!$B$3:$B$202,F5,Ausentismo_POST!$E$3:$E$202,"No asistió")+COUNTIFS(Ausentismo_POST!$B$3:$B$202,F5,Ausentismo_POST!$E$3:$E$202,"Asistió")),"") | I5: =IFERROR(COUNTIFS(Consultas_POST!$B$3:$B$202,F5,Consultas_POST!$F$3:$F$202,"Sí")/COUNTIFS(Consultas_POST!$B$3:$B$202,F5),"")
A6: 5 | B6: 46276 | C6: =IFERROR(AVERAGEIFS(TPR_PRE!$F$3:$F$202,TPR_PRE!$B$3:$B$202,B6),"") | D6: =IFERROR(COUNTIFS(Ausentismo_PRE!$B$3:$B$202,B6,Ausentismo_PRE!$E$3:$E$202,"No asistió")/(COUNTIFS(Ausentismo_PRE!$B$3:$B$202,B6,Ausentismo_PRE!$E$3:$E$202,"No asistió")+COUNTIFS(Ausentismo_PRE!$B$3:$B$202,B6,Ausentismo_PRE!$E$3:$E$202,"Asistió")),"") | E6: =IFERROR(COUNTIFS(Consultas_PRE!$B$3:$B$202,B6,Consultas_PRE!$F$3:$F$202,"Sí")/COUNTIFS(Consultas_PRE!$B$3:$B$202,B6),"") | F6: 46307 | G6: =IFERROR(AVERAGEIFS(TPR_POST!$F$3:$F$202,TPR_POST!$B$3:$B$202,F6),"") | H6: =IFERROR(COUNTIFS(Ausentismo_POST!$B$3:$B$202,F6,Ausentismo_POST!$E$3:$E$202,"No asistió")/(COUNTIFS(Ausentismo_POST!$B$3:$B$202,F6,Ausentismo_POST!$E$3:$E$202,"No asistió")+COUNTIFS(Ausentismo_POST!$B$3:$B$202,F6,Ausentismo_POST!$E$3:$E$202,"Asistió")),"") | I6: =IFERROR(COUNTIFS(Consultas_POST!$B$3:$B$202,F6,Consultas_POST!$F$3:$F$202,"Sí")/COUNTIFS(Consultas_POST!$B$3:$B$202,F6),"")
A7: 6 | B7: 46279 | C7: =IFERROR(AVERAGEIFS(TPR_PRE!$F$3:$F$202,TPR_PRE!$B$3:$B$202,B7),"") | D7: =IFERROR(COUNTIFS(Ausentismo_PRE!$B$3:$B$202,B7,Ausentismo_PRE!$E$3:$E$202,"No asistió")/(COUNTIFS(Ausentismo_PRE!$B$3:$B$202,B7,Ausentismo_PRE!$E$3:$E$202,"No asistió")+COUNTIFS(Ausentismo_PRE!$B$3:$B$202,B7,Ausentismo_PRE!$E$3:$E$202,"Asistió")),"") | E7: =IFERROR(COUNTIFS(Consultas_PRE!$B$3:$B$202,B7,Consultas_PRE!$F$3:$F$202,"Sí")/COUNTIFS(Consultas_PRE!$B$3:$B$202,B7),"") | F7: 46309 | G7: =IFERROR(AVERAGEIFS(TPR_POST!$F$3:$F$202,TPR_POST!$B$3:$B$202,F7),"") | H7: =IFERROR(COUNTIFS(Ausentismo_POST!$B$3:$B$202,F7,Ausentismo_POST!$E$3:$E$202,"No asistió")/(COUNTIFS(Ausentismo_POST!$B$3:$B$202,F7,Ausentismo_POST!$E$3:$E$202,"No asistió")+COUNTIFS(Ausentismo_POST!$B$3:$B$202,F7,Ausentismo_POST!$E$3:$E$202,"Asistió")),"") | I7: =IFERROR(COUNTIFS(Consultas_POST!$B$3:$B$202,F7,Consultas_POST!$F$3:$F$202,"Sí")/COUNTIFS(Consultas_POST!$B$3:$B$202,F7),"")
A8: 7 | B8: 46281 | C8: =IFERROR(AVERAGEIFS(TPR_PRE!$F$3:$F$202,TPR_PRE!$B$3:$B$202,B8),"") | D8: =IFERROR(COUNTIFS(Ausentismo_PRE!$B$3:$B$202,B8,Ausentismo_PRE!$E$3:$E$202,"No asistió")/(COUNTIFS(Ausentismo_PRE!$B$3:$B$202,B8,Ausentismo_PRE!$E$3:$E$202,"No asistió")+COUNTIFS(Ausentismo_PRE!$B$3:$B$202,B8,Ausentismo_PRE!$E$3:$E$202,"Asistió")),"") | E8: =IFERROR(COUNTIFS(Consultas_PRE!$B$3:$B$202,B8,Consultas_PRE!$F$3:$F$202,"Sí")/COUNTIFS(Consultas_PRE!$B$3:$B$202,B8),"") | F8: 46311 | G8: =IFERROR(AVERAGEIFS(TPR_POST!$F$3:$F$202,TPR_POST!$B$3:$B$202,F8),"") | H8: =IFERROR(COUNTIFS(Ausentismo_POST!$B$3:$B$202,F8,Ausentismo_POST!$E$3:$E$202,"No asistió")/(COUNTIFS(Ausentismo_POST!$B$3:$B$202,F8,Ausentismo_POST!$E$3:$E$202,"No asistió")+COUNTIFS(Ausentismo_POST!$B$3:$B$202,F8,Ausentismo_POST!$E$3:$E$202,"Asistió")),"") | I8: =IFERROR(COUNTIFS(Consultas_POST!$B$3:$B$202,F8,Consultas_POST!$F$3:$F$202,"Sí")/COUNTIFS(Consultas_POST!$B$3:$B$202,F8),"")
A9: 8 | B9: 46283 | C9: =IFERROR(AVERAGEIFS(TPR_PRE!$F$3:$F$202,TPR_PRE!$B$3:$B$202,B9),"") | D9: =IFERROR(COUNTIFS(Ausentismo_PRE!$B$3:$B$202,B9,Ausentismo_PRE!$E$3:$E$202,"No asistió")/(COUNTIFS(Ausentismo_PRE!$B$3:$B$202,B9,Ausentismo_PRE!$E$3:$E$202,"No asistió")+COUNTIFS(Ausentismo_PRE!$B$3:$B$202,B9,Ausentismo_PRE!$E$3:$E$202,"Asistió")),"") | E9: =IFERROR(COUNTIFS(Consultas_PRE!$B$3:$B$202,B9,Consultas_PRE!$F$3:$F$202,"Sí")/COUNTIFS(Consultas_PRE!$B$3:$B$202,B9),"") | F9: 46314 | G9: =IFERROR(AVERAGEIFS(TPR_POST!$F$3:$F$202,TPR_POST!$B$3:$B$202,F9),"") | H9: =IFERROR(COUNTIFS(Ausentismo_POST!$B$3:$B$202,F9,Ausentismo_POST!$E$3:$E$202,"No asistió")/(COUNTIFS(Ausentismo_POST!$B$3:$B$202,F9,Ausentismo_POST!$E$3:$E$202,"No asistió")+COUNTIFS(Ausentismo_POST!$B$3:$B$202,F9,Ausentismo_POST!$E$3:$E$202,"Asistió")),"") | I9: =IFERROR(COUNTIFS(Consultas_POST!$B$3:$B$202,F9,Consultas_POST!$F$3:$F$202,"Sí")/COUNTIFS(Consultas_POST!$B$3:$B$202,F9),"")
A10: 9 | B10: 46286 | C10: =IFERROR(AVERAGEIFS(TPR_PRE!$F$3:$F$202,TPR_PRE!$B$3:$B$202,B10),"") | D10: =IFERROR(COUNTIFS(Ausentismo_PRE!$B$3:$B$202,B10,Ausentismo_PRE!$E$3:$E$202,"No asistió")/(COUNTIFS(Ausentismo_PRE!$B$3:$B$202,B10,Ausentismo_PRE!$E$3:$E$202,"No asistió")+COUNTIFS(Ausentismo_PRE!$B$3:$B$202,B10,Ausentismo_PRE!$E$3:$E$202,"Asistió")),"") | E10: =IFERROR(COUNTIFS(Consultas_PRE!$B$3:$B$202,B10,Consultas_PRE!$F$3:$F$202,"Sí")/COUNTIFS(Consultas_PRE!$B$3:$B$202,B10),"") | F10: 46316 | G10: =IFERROR(AVERAGEIFS(TPR_POST!$F$3:$F$202,TPR_POST!$B$3:$B$202,F10),"") | H10: =IFERROR(COUNTIFS(Ausentismo_POST!$B$3:$B$202,F10,Ausentismo_POST!$E$3:$E$202,"No asistió")/(COUNTIFS(Ausentismo_POST!$B$3:$B$202,F10,Ausentismo_POST!$E$3:$E$202,"No asistió")+COUNTIFS(Ausentismo_POST!$B$3:$B$202,F10,Ausentismo_POST!$E$3:$E$202,"Asistió")),"") | I10: =IFERROR(COUNTIFS(Consultas_POST!$B$3:$B$202,F10,Consultas_POST!$F$3:$F$202,"Sí")/COUNTIFS(Consultas_POST!$B$3:$B$202,F10),"")
A11: 10 | B11: 46288 | C11: =IFERROR(AVERAGEIFS(TPR_PRE!$F$3:$F$202,TPR_PRE!$B$3:$B$202,B11),"") | D11: =IFERROR(COUNTIFS(Ausentismo_PRE!$B$3:$B$202,B11,Ausentismo_PRE!$E$3:$E$202,"No asistió")/(COUNTIFS(Ausentismo_PRE!$B$3:$B$202,B11,Ausentismo_PRE!$E$3:$E$202,"No asistió")+COUNTIFS(Ausentismo_PRE!$B$3:$B$202,B11,Ausentismo_PRE!$E$3:$E$202,"Asistió")),"") | E11: =IFERROR(COUNTIFS(Consultas_PRE!$B$3:$B$202,B11,Consultas_PRE!$F$3:$F$202,"Sí")/COUNTIFS(Consultas_PRE!$B$3:$B$202,B11),"") | F11: 46318 | G11: =IFERROR(AVERAGEIFS(TPR_POST!$F$3:$F$202,TPR_POST!$B$3:$B$202,F11),"") | H11: =IFERROR(COUNTIFS(Ausentismo_POST!$B$3:$B$202,F11,Ausentismo_POST!$E$3:$E$202,"No asistió")/(COUNTIFS(Ausentismo_POST!$B$3:$B$202,F11,Ausentismo_POST!$E$3:$E$202,"No asistió")+COUNTIFS(Ausentismo_POST!$B$3:$B$202,F11,Ausentismo_POST!$E$3:$E$202,"Asistió")),"") | I11: =IFERROR(COUNTIFS(Consultas_POST!$B$3:$B$202,F11,Consultas_POST!$F$3:$F$202,"Sí")/COUNTIFS(Consultas_POST!$B$3:$B$202,F11),"")
A12: 11 | B12: 46290 | C12: =IFERROR(AVERAGEIFS(TPR_PRE!$F$3:$F$202,TPR_PRE!$B$3:$B$202,B12),"") | D12: =IFERROR(COUNTIFS(Ausentismo_PRE!$B$3:$B$202,B12,Ausentismo_PRE!$E$3:$E$202,"No asistió")/(COUNTIFS(Ausentismo_PRE!$B$3:$B$202,B12,Ausentismo_PRE!$E$3:$E$202,"No asistió")+COUNTIFS(Ausentismo_PRE!$B$3:$B$202,B12,Ausentismo_PRE!$E$3:$E$202,"Asistió")),"") | E12: =IFERROR(COUNTIFS(Consultas_PRE!$B$3:$B$202,B12,Consultas_PRE!$F$3:$F$202,"Sí")/COUNTIFS(Consultas_PRE!$B$3:$B$202,B12),"") | F12: 46321 | G12: =IFERROR(AVERAGEIFS(TPR_POST!$F$3:$F$202,TPR_POST!$B$3:$B$202,F12),"") | H12: =IFERROR(COUNTIFS(Ausentismo_POST!$B$3:$B$202,F12,Ausentismo_POST!$E$3:$E$202,"No asistió")/(COUNTIFS(Ausentismo_POST!$B$3:$B$202,F12,Ausentismo_POST!$E$3:$E$202,"No asistió")+COUNTIFS(Ausentismo_POST!$B$3:$B$202,F12,Ausentismo_POST!$E$3:$E$202,"Asistió")),"") | I12: =IFERROR(COUNTIFS(Consultas_POST!$B$3:$B$202,F12,Consultas_POST!$F$3:$F$202,"Sí")/COUNTIFS(Consultas_POST!$B$3:$B$202,F12),"")
A13: 12 | B13: 46293 | C13: =IFERROR(AVERAGEIFS(TPR_PRE!$F$3:$F$202,TPR_PRE!$B$3:$B$202,B13),"") | D13: =IFERROR(COUNTIFS(Ausentismo_PRE!$B$3:$B$202,B13,Ausentismo_PRE!$E$3:$E$202,"No asistió")/(COUNTIFS(Ausentismo_PRE!$B$3:$B$202,B13,Ausentismo_PRE!$E$3:$E$202,"No asistió")+COUNTIFS(Ausentismo_PRE!$B$3:$B$202,B13,Ausentismo_PRE!$E$3:$E$202,"Asistió")),"") | E13: =IFERROR(COUNTIFS(Consultas_PRE!$B$3:$B$202,B13,Consultas_PRE!$F$3:$F$202,"Sí")/COUNTIFS(Consultas_PRE!$B$3:$B$202,B13),"") | F13: 46323 | G13: =IFERROR(AVERAGEIFS(TPR_POST!$F$3:$F$202,TPR_POST!$B$3:$B$202,F13),"") | H13: =IFERROR(COUNTIFS(Ausentismo_POST!$B$3:$B$202,F13,Ausentismo_POST!$E$3:$E$202,"No asistió")/(COUNTIFS(Ausentismo_POST!$B$3:$B$202,F13,Ausentismo_POST!$E$3:$E$202,"No asistió")+COUNTIFS(Ausentismo_POST!$B$3:$B$202,F13,Ausentismo_POST!$E$3:$E$202,"Asistió")),"") | I13: =IFERROR(COUNTIFS(Consultas_POST!$B$3:$B$202,F13,Consultas_POST!$F$3:$F$202,"Sí")/COUNTIFS(Consultas_POST!$B$3:$B$202,F13),"")
A14: 13 | B14: 46295 | C14: =IFERROR(AVERAGEIFS(TPR_PRE!$F$3:$F$202,TPR_PRE!$B$3:$B$202,B14),"") | D14: =IFERROR(COUNTIFS(Ausentismo_PRE!$B$3:$B$202,B14,Ausentismo_PRE!$E$3:$E$202,"No asistió")/(COUNTIFS(Ausentismo_PRE!$B$3:$B$202,B14,Ausentismo_PRE!$E$3:$E$202,"No asistió")+COUNTIFS(Ausentismo_PRE!$B$3:$B$202,B14,Ausentismo_PRE!$E$3:$E$202,"Asistió")),"") | E14: =IFERROR(COUNTIFS(Consultas_PRE!$B$3:$B$202,B14,Consultas_PRE!$F$3:$F$202,"Sí")/COUNTIFS(Consultas_PRE!$B$3:$B$202,B14),"") | F14: 46325 | G14: =IFERROR(AVERAGEIFS(TPR_POST!$F$3:$F$202,TPR_POST!$B$3:$B$202,F14),"") | H14: =IFERROR(COUNTIFS(Ausentismo_POST!$B$3:$B$202,F14,Ausentismo_POST!$E$3:$E$202,"No asistió")/(COUNTIFS(Ausentismo_POST!$B$3:$B$202,F14,Ausentismo_POST!$E$3:$E$202,"No asistió")+COUNTIFS(Ausentismo_POST!$B$3:$B$202,F14,Ausentismo_POST!$E$3:$E$202,"Asistió")),"") | I14: =IFERROR(COUNTIFS(Consultas_POST!$B$3:$B$202,F14,Consultas_POST!$F$3:$F$202,"Sí")/COUNTIFS(Consultas_POST!$B$3:$B$202,F14),"")
A16: Esta hoja se calcula automáticamente a partir de las hojas TPR/Ausentismo/Consultas PRE y POST. No editar manualmente.

Sheet Resumen_PRE_POST
A1: Indicador | B1: PRE (promedio 13 sesiones) | C1: POST (promedio 13 sesiones) | D1: Diferencia | E1: Dirección esperada
A2: Tiempo Promedio de Registro (TPR, min) | B2: =IFERROR(AVERAGE(Sesiones!C2:C14),"") | C2: =IFERROR(AVERAGE(Sesiones!G2:G14),"") | D2: =IFERROR(C2-B2,"") | E2: PRE > POST (se espera reducción)
A3: Tasa de Ausentismo (%) | B3: =IFERROR(AVERAGE(Sesiones!D2:D14),"") | C3: =IFERROR(AVERAGE(Sesiones!H2:H14),"") | D3: =IFERROR(C3-B3,"") | E3: PRE > POST (se espera reducción)
A4: Nivel de Consultas Atendidas (%) | B4: =IFERROR(AVERAGE(Sesiones!E2:E14),"") | C4: =IFERROR(AVERAGE(Sesiones!I2:I14),"") | D4: =IFERROR(C4-B4,"") | E4: POST > PRE (se espera aumento)
A7: Los valores se calculan automáticamente a partir de la hoja Sesiones, que a su vez se alimenta de los registros reales ingresados en las hojas PRE/POST.
