Workbook

Sheet Instrucciones
A1: VALIDACIÓN DE CONTENIDO POR JUICIO DE EXPERTOS — COEFICIENTE V DE AIKEN
A2: Investigación: Sistema web con chatbot para la gestión de pacientes en una fundación oncológica privada de Lima, 2026
A4: 1. Cada juez califica cada ítem (campo o funcionalidad) en cuatro criterios: suficiencia, claridad, coherencia y relevancia, con 1 = de acuerdo y 0 = en desacuerdo (Escobar-Pérez y Cuervo-Martínez, 2008).
A5: 2. Transcriba en las hojas Juez1, Juez2 y Juez3 las calificaciones EXACTAS de cada ficha firmada. No complete celdas sin ficha firmada.
A6: 3. La hoja Resultados calcula el coeficiente V de Aiken (Aiken, 1985) por ítem y criterio: V = S / [n(c − 1)], con n = 3 jueces y c = 2 categorías; es decir, V = suma de calificaciones / 3.
A7: 4. Regla de decisión del estudio: V = 1,00 → válido; V = 0,67 → revisar según las observaciones del juez; V ≤ 0,33 → reformular. Con solo tres jueces, únicamente V = 1,00 expresa acuerdo unánime.
A8: 5. La hoja Resumen muestra el V promedio por instrumento y el número de ítems por decisión. Registre también la opinión de aplicabilidad de cada juez.
A9: Celdas amarillas: ingreso de datos. Celdas azules: cálculo automático.

Sheet Juez1
A1: JUEZ 1 — datos del experto
A2: Nombres y apellidos
A3: Documento de identidad
A4: Máximo grado académico
A5: Especialidad
A6: Años de experiencia laboral
A7: Institución laboral
A8: Labor que desempeña
A9: Correo electrónico
A10: Fecha de validación (dd/mm/aaaa)
A11: Opinión de aplicabilidad
A13: N.° | B13: Instrumento | C13: Dimensión | D13: Indicador | E13: Ítem (campo o funcionalidad) | F13: Suficiencia | G13: Claridad | H13: Coherencia | I13: Relevancia | J13: Observación
A14: 1 | B14: Instrumento 1. Ficha de registro de tiempos | C14: Registro de pacientes | D14: TPR | E14: Fecha de sesión
A15: 2 | B15: Instrumento 1. Ficha de registro de tiempos | C15: Registro de pacientes | D15: TPR | E15: Código del paciente
A16: 3 | B16: Instrumento 1. Ficha de registro de tiempos | C16: Registro de pacientes | D16: TPR | E16: Hora de inicio del registro
A17: 4 | B17: Instrumento 1. Ficha de registro de tiempos | C17: Registro de pacientes | D17: TPR | E17: Hora de fin del registro
A18: 5 | B18: Instrumento 1. Ficha de registro de tiempos | C18: Registro de pacientes | D18: TPR | E18: Tiempo del registro (min, calculado)
A19: 6 | B19: Instrumento 1. Ficha de registro de tiempos | C19: Registro de pacientes | D19: TPR | E19: Modalidad (manual / sistema)
A20: 7 | B20: Instrumento 2A. Ficha de gestión: citas | C20: Agendamiento de citas médicas | D20: TA | E20: Fecha de sesión
A21: 8 | B21: Instrumento 2A. Ficha de gestión: citas | C21: Agendamiento de citas médicas | D21: TA | E21: Código del paciente
A22: 9 | B22: Instrumento 2A. Ficha de gestión: citas | C22: Agendamiento de citas médicas | D22: TA | E22: Estado de la cita (asistió / no asistió / cancelada / reprogramada)
A23: 10 | B23: Instrumento 2A. Ficha de gestión: citas | C23: Agendamiento de citas médicas | D23: TA | E23: Recordatorio enviado
A24: 11 | B24: Instrumento 2B. Ficha de gestión: consultas | C24: Eficacia de la atención | D24: NCA | E24: Fecha de sesión
A25: 12 | B25: Instrumento 2B. Ficha de gestión: consultas | C25: Eficacia de la atención | D25: NCA | E25: Código del paciente
... A38: 25 | B38: Instrumento 3. Ficha de verificación (VI) | C38: Módulo de chatbot | D38: Implementación | E38: Registro de cada consulta con categoría, resolución y derivación

Sheet Juez2
A1: JUEZ 2 — datos del experto
A2: Nombres y apellidos
A3: Documento de identidad
A4: Máximo grado académico
A5: Especialidad
A6: Años de experiencia laboral
A7: Institución laboral
A8: Labor que desempeña
A9: Correo electrónico
A10: Fecha de validación (dd/mm/aaaa)
A11: Opinión de aplicabilidad
A13: N.° | B13: Instrumento | C13: Dimensión | D13: Indicador | E13: Ítem (campo o funcionalidad) | F13: Suficiencia | G13: Claridad | H13: Coherencia | I13: Relevancia | J13: Observación
A14: 1 | B14: Instrumento 1. Ficha de registro de tiempos | C14: Registro de pacientes | D14: TPR | E14: Fecha de sesión
A15: 2 | B15: Instrumento 1. Ficha de registro de tiempos | C15: Registro de pacientes | D15: TPR | E15: Código del paciente
A16: 3 | B16: Instrumento 1. Ficha de registro de tiempos | C16: Registro de pacientes | D16: TPR | E16: Hora de inicio del registro
A17: 4 | B17: Instrumento 1. Ficha de registro de tiempos | C17: Registro de pacientes | D17: TPR | E17: Hora de fin del registro
A18: 5 | B18: Instrumento 1. Ficha de registro de tiempos | C18: Registro de pacientes | D18: TPR | E18: Tiempo del registro (min, calculado)
A19: 6 | B19: Instrumento 1. Ficha de registro de tiempos | C19: Registro de pacientes | D19: TPR | E19: Modalidad (manual / sistema)
A20: 7 | B20: Instrumento 2A. Ficha de gestión: citas | C20: Agendamiento de citas médicas | D20: TA | E20: Fecha de sesión
A21: 8 | B21: Instrumento 2A. Ficha de gestión: citas | C21: Agendamiento de citas médicas | D21: TA | E21: Código del paciente
A22: 9 | B22: Instrumento 2A. Ficha de gestión: citas | C22: Agendamiento de citas médicas | D22: TA | E22: Estado de la cita (asistió / no asistió / cancelada / reprogramada)
A23: 10 | B23: Instrumento 2A. Ficha de gestión: citas | C23: Agendamiento de citas médicas | D23: TA | E23: Recordatorio enviado
A24: 11 | B24: Instrumento 2B. Ficha de gestión: consultas | C24: Eficacia de la atención | D24: NCA | E24: Fecha de sesión
A25: 12 | B25: Instrumento 2B. Ficha de gestión: consultas | C25: Eficacia de la atención | D25: NCA | E25: Código del paciente
... A38: 25 | B38: Instrumento 3. Ficha de verificación (VI) | C38: Módulo de chatbot | D38: Implementación | E38: Registro de cada consulta con categoría, resolución y derivación

Sheet Juez3
A1: JUEZ 3 — datos del experto
A2: Nombres y apellidos
A3: Documento de identidad
A4: Máximo grado académico
A5: Especialidad
A6: Años de experiencia laboral
A7: Institución laboral
A8: Labor que desempeña
A9: Correo electrónico
A10: Fecha de validación (dd/mm/aaaa)
A11: Opinión de aplicabilidad
A13: N.° | B13: Instrumento | C13: Dimensión | D13: Indicador | E13: Ítem (campo o funcionalidad) | F13: Suficiencia | G13: Claridad | H13: Coherencia | I13: Relevancia | J13: Observación
A14: 1 | B14: Instrumento 1. Ficha de registro de tiempos | C14: Registro de pacientes | D14: TPR | E14: Fecha de sesión
A15: 2 | B15: Instrumento 1. Ficha de registro de tiempos | C15: Registro de pacientes | D15: TPR | E15: Código del paciente
A16: 3 | B16: Instrumento 1. Ficha de registro de tiempos | C16: Registro de pacientes | D16: TPR | E16: Hora de inicio del registro
A17: 4 | B17: Instrumento 1. Ficha de registro de tiempos | C17: Registro de pacientes | D17: TPR | E17: Hora de fin del registro
A18: 5 | B18: Instrumento 1. Ficha de registro de tiempos | C18: Registro de pacientes | D18: TPR | E18: Tiempo del registro (min, calculado)
A19: 6 | B19: Instrumento 1. Ficha de registro de tiempos | C19: Registro de pacientes | D19: TPR | E19: Modalidad (manual / sistema)
A20: 7 | B20: Instrumento 2A. Ficha de gestión: citas | C20: Agendamiento de citas médicas | D20: TA | E20: Fecha de sesión
A21: 8 | B21: Instrumento 2A. Ficha de gestión: citas | C21: Agendamiento de citas médicas | D21: TA | E21: Código del paciente
A22: 9 | B22: Instrumento 2A. Ficha de gestión: citas | C22: Agendamiento de citas médicas | D22: TA | E22: Estado de la cita (asistió / no asistió / cancelada / reprogramada)
A23: 10 | B23: Instrumento 2A. Ficha de gestión: citas | C23: Agendamiento de citas médicas | D23: TA | E23: Recordatorio enviado
A24: 11 | B24: Instrumento 2B. Ficha de gestión: consultas | C24: Eficacia de la atención | D24: NCA | E24: Fecha de sesión
A25: 12 | B25: Instrumento 2B. Ficha de gestión: consultas | C25: Eficacia de la atención | D25: NCA | E25: Código del paciente
... A38: 25 | B38: Instrumento 3. Ficha de verificación (VI) | C38: Módulo de chatbot | D38: Implementación | E38: Registro de cada consulta con categoría, resolución y derivación

Sheet Resultados
A1: N.° | B1: Instrumento | C1: Ítem | D1: V Suficiencia | E1: V Claridad | F1: V Coherencia | G1: V Relevancia | H1: V del ítem | I1: Mínimo V | J1: Decisión
A2: 1 | B2: =Juez1!B14 | C2: =Juez1!E14 | D2: =IF(COUNT(Juez1!F14,Juez2!F14,Juez3!F14)<3,"",(Juez1!F14+Juez2!F14+Juez3!F14)/3) | E2: =IF(COUNT(Juez1!G14,Juez2!G14,Juez3!G14)<3,"",(Juez1!G14+Juez2!G14+Juez3!G14)/3) | F2: =IF(COUNT(Juez1!H14,Juez2!H14,Juez3!H14)<3,"",(Juez1!H14+Juez2!H14+Juez3!H14)/3) | G2: =IF(COUNT(Juez1!I14,Juez2!I14,Juez3!I14)<3,"",(Juez1!I14+Juez2!I14+Juez3!I14)/3) | H2: =IF(COUNT(D2:G2)<4,"",AVERAGE(D2:G2)) | I2: =IF(COUNT(D2:G2)<4,"",MIN(D2:G2)) | J2: =IF(I2="","",IF(I2>=1,"Válido",IF(I2>=0.66,"Revisar","Reformular")))
A3: 2 | B3: =Juez1!B15 | C3: =Juez1!E15 | D3: =IF(COUNT(Juez1!F15,Juez2!F15,Juez3!F15)<3,"",(Juez1!F15+Juez2!F15+Juez3!F15)/3) | E3: =IF(COUNT(Juez1!G15,Juez2!G15,Juez3!G15)<3,"",(Juez1!G15+Juez2!G15+Juez3!G15)/3) | F3: =IF(COUNT(Juez1!H15,Juez2!H15,Juez3!H15)<3,"",(Juez1!H15+Juez2!H15+Juez3!H15)/3) | G3: =IF(COUNT(Juez1!I15,Juez2!I15,Juez3!I15)<3,"",(Juez1!I15+Juez2!I15+Juez3!I15)/3) | H3: =IF(COUNT(D3:G3)<4,"",AVERAGE(D3:G3)) | I3: =IF(COUNT(D3:G3)<4,"",MIN(D3:G3)) | J3: =IF(I3="","",IF(I3>=1,"Válido",IF(I3>=0.66,"Revisar","Reformular")))
A4: 3 | B4: =Juez1!B16 | C4: =Juez1!E16 | D4: =IF(COUNT(Juez1!F16,Juez2!F16,Juez3!F16)<3,"",(Juez1!F16+Juez2!F16+Juez3!F16)/3) | E4: =IF(COUNT(Juez1!G16,Juez2!G16,Juez3!G16)<3,"",(Juez1!G16+Juez2!G16+Juez3!G16)/3) | F4: =IF(COUNT(Juez1!H16,Juez2!H16,Juez3!H16)<3,"",(Juez1!H16+Juez2!H16+Juez3!H16)/3) | G4: =IF(COUNT(Juez1!I16,Juez2!I16,Juez3!I16)<3,"",(Juez1!I16+Juez2!I16+Juez3!I16)/3) | H4: =IF(COUNT(D4:G4)<4,"",AVERAGE(D4:G4)) | I4: =IF(COUNT(D4:G4)<4,"",MIN(D4:G4)) | J4: =IF(I4="","",IF(I4>=1,"Válido",IF(I4>=0.66,"Revisar","Reformular")))
A5: 4 | B5: =Juez1!B17 | C5: =Juez1!E17 | D5: =IF(COUNT(Juez1!F17,Juez2!F17,Juez3!F17)<3,"",(Juez1!F17+Juez2!F17+Juez3!F17)/3) | E5: =IF(COUNT(Juez1!G17,Juez2!G17,Juez3!G17)<3,"",(Juez1!G17+Juez2!G17+Juez3!G17)/3) | F5: =IF(COUNT(Juez1!H17,Juez2!H17,Juez3!H17)<3,"",(Juez1!H17+Juez2!H17+Juez3!H17)/3) | G5: =IF(COUNT(Juez1!I17,Juez2!I17,Juez3!I17)<3,"",(Juez1!I17+Juez2!I17+Juez3!I17)/3) | H5: =IF(COUNT(D5:G5)<4,"",AVERAGE(D5:G5)) | I5: =IF(COUNT(D5:G5)<4,"",MIN(D5:G5)) | J5: =IF(I5="","",IF(I5>=1,"Válido",IF(I5>=0.66,"Revisar","Reformular")))
A6: 5 | B6: =Juez1!B18 | C6: =Juez1!E18 | D6: =IF(COUNT(Juez1!F18,Juez2!F18,Juez3!F18)<3,"",(Juez1!F18+Juez2!F18+Juez3!F18)/3) | E6: =IF(COUNT(Juez1!G18,Juez2!G18,Juez3!G18)<3,"",(Juez1!G18+Juez2!G18+Juez3!G18)/3) | F6: =IF(COUNT(Juez1!H18,Juez2!H18,Juez3!H18)<3,"",(Juez1!H18+Juez2!H18+Juez3!H18)/3) | G6: =IF(COUNT(Juez1!I18,Juez2!I18,Juez3!I18)<3,"",(Juez1!I18+Juez2!I18+Juez3!I18)/3) | H6: =IF(COUNT(D6:G6)<4,"",AVERAGE(D6:G6)) | I6: =IF(COUNT(D6:G6)<4,"",MIN(D6:G6)) | J6: =IF(I6="","",IF(I6>=1,"Válido",IF(I6>=0.66,"Revisar","Reformular")))
A7: 6 | B7: =Juez1!B19 | C7: =Juez1!E19 | D7: =IF(COUNT(Juez1!F19,Juez2!F19,Juez3!F19)<3,"",(Juez1!F19+Juez2!F19+Juez3!F19)/3) | E7: =IF(COUNT(Juez1!G19,Juez2!G19,Juez3!G19)<3,"",(Juez1!G19+Juez2!G19+Juez3!G19)/3) | F7: =IF(COUNT(Juez1!H19,Juez2!H19,Juez3!H19)<3,"",(Juez1!H19+Juez2!H19+Juez3!H19)/3) | G7: =IF(COUNT(Juez1!I19,Juez2!I19,Juez3!I19)<3,"",(Juez1!I19+Juez2!I19+Juez3!I19)/3) | H7: =IF(COUNT(D7:G7)<4,"",AVERAGE(D7:G7)) | I7: =IF(COUNT(D7:G7)<4,"",MIN(D7:G7)) | J7: =IF(I7="","",IF(I7>=1,"Válido",IF(I7>=0.66,"Revisar","Reformular")))
A8: 7 | B8: =Juez1!B20 | C8: =Juez1!E20 | D8: =IF(COUNT(Juez1!F20,Juez2!F20,Juez3!F20)<3,"",(Juez1!F20+Juez2!F20+Juez3!F20)/3) | E8: =IF(COUNT(Juez1!G20,Juez2!G20,Juez3!G20)<3,"",(Juez1!G20+Juez2!G20+Juez3!G20)/3) | F8: =IF(COUNT(Juez1!H20,Juez2!H20,Juez3!H20)<3,"",(Juez1!H20+Juez2!H20+Juez3!H20)/3) | G8: =IF(COUNT(Juez1!I20,Juez2!I20,Juez3!I20)<3,"",(Juez1!I20+Juez2!I20+Juez3!I20)/3) | H8: =IF(COUNT(D8:G8)<4,"",AVERAGE(D8:G8)) | I8: =IF(COUNT(D8:G8)<4,"",MIN(D8:G8)) | J8: =IF(I8="","",IF(I8>=1,"Válido",IF(I8>=0.66,"Revisar","Reformular")))
A9: 8 | B9: =Juez1!B21 | C9: =Juez1!E21 | D9: =IF(COUNT(Juez1!F21,Juez2!F21,Juez3!F21)<3,"",(Juez1!F21+Juez2!F21+Juez3!F21)/3) | E9: =IF(COUNT(Juez1!G21,Juez2!G21,Juez3!G21)<3,"",(Juez1!G21+Juez2!G21+Juez3!G21)/3) | F9: =IF(COUNT(Juez1!H21,Juez2!H21,Juez3!H21)<3,"",(Juez1!H21+Juez2!H21+Juez3!H21)/3) | G9: =IF(COUNT(Juez1!I21,Juez2!I21,Juez3!I21)<3,"",(Juez1!I21+Juez2!I21+Juez3!I21)/3) | H9: =IF(COUNT(D9:G9)<4,"",AVERAGE(D9:G9)) | I9: =IF(COUNT(D9:G9)<4,"",MIN(D9:G9)) | J9: =IF(I9="","",IF(I9>=1,"Válido",IF(I9>=0.66,"Revisar","Reformular")))
A10: 9 | B10: =Juez1!B22 | C10: =Juez1!E22 | D10: =IF(COUNT(Juez1!F22,Juez2!F22,Juez3!F22)<3,"",(Juez1!F22+Juez2!F22+Juez3!F22)/3) | E10: =IF(COUNT(Juez1!G22,Juez2!G22,Juez3!G22)<3,"",(Juez1!G22+Juez2!G22+Juez3!G22)/3) | F10: =IF(COUNT(Juez1!H22,Juez2!H22,Juez3!H22)<3,"",(Juez1!H22+Juez2!H22+Juez3!H22)/3) | G10: =IF(COUNT(Juez1!I22,Juez2!I22,Juez3!I22)<3,"",(Juez1!I22+Juez2!I22+Juez3!I22)/3) | H10: =IF(COUNT(D10:G10)<4,"",AVERAGE(D10:G10)) | I10: =IF(COUNT(D10:G10)<4,"",MIN(D10:G10)) | J10: =IF(I10="","",IF(I10>=1,"Válido",IF(I10>=0.66,"Revisar","Reformular")))
A11: 10 | B11: =Juez1!B23 | C11: =Juez1!E23 | D11: =IF(COUNT(Juez1!F23,Juez2!F23,Juez3!F23)<3,"",(Juez1!F23+Juez2!F23+Juez3!F23)/3) | E11: =IF(COUNT(Juez1!G23,Juez2!G23,Juez3!G23)<3,"",(Juez1!G23+Juez2!G23+Juez3!G23)/3) | F11: =IF(COUNT(Juez1!H23,Juez2!H23,Juez3!H23)<3,"",(Juez1!H23+Juez2!H23+Juez3!H23)/3) | G11: =IF(COUNT(Juez1!I23,Juez2!I23,Juez3!I23)<3,"",(Juez1!I23+Juez2!I23+Juez3!I23)/3) | H11: =IF(COUNT(D11:G11)<4,"",AVERAGE(D11:G11)) | I11: =IF(COUNT(D11:G11)<4,"",MIN(D11:G11)) | J11: =IF(I11="","",IF(I11>=1,"Válido",IF(I11>=0.66,"Revisar","Reformular")))
A12: 11 | B12: =Juez1!B24 | C12: =Juez1!E24 | D12: =IF(COUNT(Juez1!F24,Juez2!F24,Juez3!F24)<3,"",(Juez1!F24+Juez2!F24+Juez3!F24)/3) | E12: =IF(COUNT(Juez1!G24,Juez2!G24,Juez3!G24)<3,"",(Juez1!G24+Juez2!G24+Juez3!G24)/3) | F12: =IF(COUNT(Juez1!H24,Juez2!H24,Juez3!H24)<3,"",(Juez1!H24+Juez2!H24+Juez3!H24)/3) | G12: =IF(COUNT(Juez1!I24,Juez2!I24,Juez3!I24)<3,"",(Juez1!I24+Juez2!I24+Juez3!I24)/3) | H12: =IF(COUNT(D12:G12)<4,"",AVERAGE(D12:G12)) | I12: =IF(COUNT(D12:G12)<4,"",MIN(D12:G12)) | J12: =IF(I12="","",IF(I12>=1,"Válido",IF(I12>=0.66,"Revisar","Reformular")))
A13: 12 | B13: =Juez1!B25 | C13: =Juez1!E25 | D13: =IF(COUNT(Juez1!F25,Juez2!F25,Juez3!F25)<3,"",(Juez1!F25+Juez2!F25+Juez3!F25)/3) | E13: =IF(COUNT(Juez1!G25,Juez2!G25,Juez3!G25)<3,"",(Juez1!G25+Juez2!G25+Juez3!G25)/3) | F13: =IF(COUNT(Juez1!H25,Juez2!H25,Juez3!H25)<3,"",(Juez1!H25+Juez2!H25+Juez3!H25)/3) | G13: =IF(COUNT(Juez1!I25,Juez2!I25,Juez3!I25)<3,"",(Juez1!I25+Juez2!I25+Juez3!I25)/3) | H13: =IF(COUNT(D13:G13)<4,"",AVERAGE(D13:G13)) | I13: =IF(COUNT(D13:G13)<4,"",MIN(D13:G13)) | J13: =IF(I13="","",IF(I13>=1,"Válido",IF(I13>=0.66,"Revisar","Reformular")))
... A26: 25 | B26: =Juez1!B38 | C26: =Juez1!E38 | D26: =IF(COUNT(Juez1!F38,Juez2!F38,Juez3!F38)<3,"",(Juez1!F38+Juez2!F38+Juez3!F38)/3) | E26: =IF(COUNT(Juez1!G38,Juez2!G38,Juez3!G38)<3,"",(Juez1!G38+Juez2!G38+Juez3!G38)/3) | F26: =IF(COUNT(Juez1!H38,Juez2!H38,Juez3!H38)<3,"",(Juez1!H38+Juez2!H38+Juez3!H38)/3) | G26: =IF(COUNT(Juez1!I38,Juez2!I38,Juez3!I38)<3,"",(Juez1!I38+Juez2!I38+Juez3!I38)/3) | H26: =IF(COUNT(D26:G26)<4,"",AVERAGE(D26:G26)) | I26: =IF(COUNT(D26:G26)<4,"",MIN(D26:G26)) | J26: =IF(I26="","",IF(I26>=1,"Válido",IF(I26>=0.66,"Revisar","Reformular")))

Sheet Resumen
A1: Instrumento | B1: Ítems | C1: Ítems con calificación completa | D1: V promedio | E1: Válidos | F1: Revisar | G1: Reformular
A2: Instrumento 1. Ficha de registro de tiempos | B2: =COUNTIF(Resultados!$B$2:$B$26,A2) | C2: =COUNTIFS(Resultados!$B$2:$B$26,A2,Resultados!$H$2:$H$26,">=0") | D2: =IFERROR(AVERAGEIFS(Resultados!$H$2:$H$26,Resultados!$B$2:$B$26,A2),"") | E2: =COUNTIFS(Resultados!$B$2:$B$26,A2,Resultados!$J$2:$J$26,"Válido") | F2: =COUNTIFS(Resultados!$B$2:$B$26,A2,Resultados!$J$2:$J$26,"Revisar") | G2: =COUNTIFS(Resultados!$B$2:$B$26,A2,Resultados!$J$2:$J$26,"Reformular")
A3: Instrumento 2A. Ficha de gestión: citas | B3: =COUNTIF(Resultados!$B$2:$B$26,A3) | C3: =COUNTIFS(Resultados!$B$2:$B$26,A3,Resultados!$H$2:$H$26,">=0") | D3: =IFERROR(AVERAGEIFS(Resultados!$H$2:$H$26,Resultados!$B$2:$B$26,A3),"") | E3: =COUNTIFS(Resultados!$B$2:$B$26,A3,Resultados!$J$2:$J$26,"Válido") | F3: =COUNTIFS(Resultados!$B$2:$B$26,A3,Resultados!$J$2:$J$26,"Revisar") | G3: =COUNTIFS(Resultados!$B$2:$B$26,A3,Resultados!$J$2:$J$26,"Reformular")
A4: Instrumento 2B. Ficha de gestión: consultas | B4: =COUNTIF(Resultados!$B$2:$B$26,A4) | C4: =COUNTIFS(Resultados!$B$2:$B$26,A4,Resultados!$H$2:$H$26,">=0") | D4: =IFERROR(AVERAGEIFS(Resultados!$H$2:$H$26,Resultados!$B$2:$B$26,A4),"") | E4: =COUNTIFS(Resultados!$B$2:$B$26,A4,Resultados!$J$2:$J$26,"Válido") | F4: =COUNTIFS(Resultados!$B$2:$B$26,A4,Resultados!$J$2:$J$26,"Revisar") | G4: =COUNTIFS(Resultados!$B$2:$B$26,A4,Resultados!$J$2:$J$26,"Reformular")
A5: Instrumento 3. Ficha de verificación (VI) | B5: =COUNTIF(Resultados!$B$2:$B$26,A5) | C5: =COUNTIFS(Resultados!$B$2:$B$26,A5,Resultados!$H$2:$H$26,">=0") | D5: =IFERROR(AVERAGEIFS(Resultados!$H$2:$H$26,Resultados!$B$2:$B$26,A5),"") | E5: =COUNTIFS(Resultados!$B$2:$B$26,A5,Resultados!$J$2:$J$26,"Válido") | F5: =COUNTIFS(Resultados!$B$2:$B$26,A5,Resultados!$J$2:$J$26,"Revisar") | G5: =COUNTIFS(Resultados!$B$2:$B$26,A5,Resultados!$J$2:$J$26,"Reformular")
A7: Opinión de aplicabilidad
A8: Juez 1 | B8: =IF(Juez1!B2="","",Juez1!B2) | D8: =IF(Juez1!B11="","",Juez1!B11)
A9: Juez 2 | B9: =IF(Juez2!B2="","",Juez2!B2) | D9: =IF(Juez2!B11="","",Juez2!B11)
A10: Juez 3 | B10: =IF(Juez3!B2="","",Juez3!B2) | D10: =IF(Juez3!B11="","",Juez3!B11)
A12: Referencias: Aiken, L. R. (1985), Educ. Psychol. Meas., 45(1), 131–142; Escobar-Pérez y Cuervo-Martínez (2008), Av. Medición, 6, 27–36.
