Workbook

Sheet LEER_PRIMERO
A1: DATOS SIMULADOS — SOLO PARA PRÁCTICA
A2: Este archivo fue generado automáticamente con números aleatorios para aprender a usar el instrumento y el análisis en SPSS.
A3: NO contiene datos reales de la fundación. NO debe usarse, copiarse ni citarse en la tesis ni en ningún documento de la investigación.
A4: Presentar datos simulados como reales constituye fabricación de datos (falta grave según el Código de Ética en Investigación de la UCV).
A5: Para la tesis se usa Instrumento_v6_PRE_POST.xlsx, vacío, completado únicamente con registros reales.
A6: Semilla aleatoria: 2026. Códigos de paciente: SIM-01 a SIM-30.

Sheet Listas
A1: FechasPRE | B1: FechasPOST | C1: SiNo | D1: EstadoCita | E1: Categoria | F1: CanalPRE | G1: Sexo | H1: EstadoPaciente | I1: ResultadoVI
A2: 46237 | B2: 46267 | C2: Sí | D2: Asistió | E2: Citas | F2: Presencial | G2: M | H2: Activo | I2: Implementado
A3: 46239 | B3: 46269 | C3: No | D3: No asistió | E3: Horarios | F3: Telefónico | G3: F | H3: Inactivo | I3: No implementado
A4: 46241 | B4: 46272 | D4: Cancelada | E4: Información institucional | F4: WhatsApp institucional
A5: 46244 | B5: 46274 | D5: Reprogramada | E5: Requisitos
A6: 46246 | B6: 46276 | E6: Ubicación
A7: 46248 | B7: 46279 | E7: Seguimiento administrativo
A8: 46251 | B8: 46281 | E8: Otro
A9: 46253 | B9: 46283
A10: 46255 | B10: 46286
A11: 46258 | B11: 46288
A12: 46260 | B12: 46290
A13: 46262 | B13: 46293
A14: 46265 | B14: 46295

Sheet Configuracion
A1: CONFIGURACIÓN DEL ESTUDIO — ARCHIVO CON DATOS SIMULADOS (NO USAR EN LA TESIS)
A2: Código de estudio: | B2: SWC-FO-2026 (Sistema Web con Chatbot - Fundación Oncológica - 2026)
A3: Título: | B3: Sistema web con chatbot para la gestión de pacientes en una fundación oncológica privada de Lima, 2026
A4: Diseño: | B4: Pre-experimental de un solo grupo, con pretest y postest, comparados mediante 13 sesiones equivalentes
A5: Fechas PRETEST (lun/mié/vie): | B5: 03/08/2026, 05/08/2026, 07/08/2026, 10/08/2026, 12/08/2026, 14/08/2026, 17/08/2026, 19/08/2026, 21/08/2026, 24/08/2026, 26/08/2026, 28/08/2026, 31/08/2026
A6: Fechas POSTEST (lun/mié/vie): | B6: 02/09/2026, 04/09/2026, 07/09/2026, 09/09/2026, 11/09/2026, 14/09/2026, 16/09/2026, 18/09/2026, 21/09/2026, 23/09/2026, 25/09/2026, 28/09/2026, 30/09/2026
A7: Unidad de análisis - TPR: | B7: Cada proceso de registro de paciente efectivamente ejecutado
A8: Unidad de análisis - Ausentismo: | B8: Cada cita médica programada elegible (se excluyen citas canceladas o reprogramadas con anticipación)
A9: Unidad de análisis - Consultas: | B9: Cada consulta administrativa recibida (canales habituales en el pretest; chatbot en el postest)
A10: Fórmula TPR: | B10: TPR = (Σ tiempo de cada registro) / (N.° de registros), en minutos
A11: Fórmula Tasa de Ausentismo: | B11: TA = (N.° de citas no asistidas sin previo aviso / N.° de citas programadas elegibles) x 100
A12: Fórmula Nivel de Consultas Atendidas: | B12: NCA = (N.° de consultas resueltas en el primer contacto y no derivadas / N.° de consultas recibidas) x 100
A13: Criterios de inclusión: | B13: Pacientes activos de la fundación oncológica durante el período de estudio, mayores de edad, con al menos una cita programada en la institución en dicho período y que acepten participar mediante consentimiento informado.
... A15: Regla de calidad de datos: | B15: Registrar únicamente los eventos que realmente ocurrieron cada sesión. No completar filas artificiales para alcanzar un número fijo de registros, citas o consultas.
A17: CÓMO USAR ESTE ARCHIVO
A18: 1. Use la hoja Pacientes para registrar a los 30 participantes (código, edad, sexo). Si aparece un paciente nuevo durante el postest que no estaba en la lista original, agréguelo al final.
A19: 2. En cada hoja PRE/POST (TPR, Ausentismo, Consultas), agregue una fila por cada evento real (registro, cita o consulta) que haya ocurrido, seleccionando la fecha de la lista desplegable. No es necesario llenar un número fijo de filas por sesión.
A20: 3. Las celdas en amarillo son las que debe completar con datos reales. Las columnas de fecha y las categóricas tienen lista desplegable para evitar errores de escritura.
A21: 4. La hoja Sesiones calcula automáticamente el valor de cada indicador por sesión (13 PRE y 13 POST) a partir de lo que usted haya registrado. No edite esa hoja manualmente.
A22: 5. La hoja Resumen_PRE_POST muestra el promedio general de cada indicador; se actualiza sola.
A24: REGLAS DE REGISTRO (versión 3)
A25: Consulta resuelta: | B25: Se marca "Sí" en la columna F solo si el paciente obtuvo la información solicitada en el primer contacto y no necesitó volver a comunicarse por el mismo motivo. Se aplica igual en el pretest y en el postest.
A26: Consulta derivada: | B26: Se marca "Sí" en la columna G si la consulta tuvo que pasarse a otra persona o área para completarse. Una consulta derivada no cuenta como resuelta para el NCA.
A27: Aviso previo (ausentismo): | B27: Si el paciente avisó antes de la fecha, la cita se registra como "Cancelada" o "Reprogramada" y no entra al cálculo. "No asistió" se usa solo para inasistencias sin aviso.
A28: Sesiones sin eventos: | B28: Si una sesión no tiene eventos de un indicador, su valor queda vacío y el par se marca como no válido en la hoja Sesiones; se excluye del contraste y se informa el número de pares válidos.
A29: Emparejamiento de sesiones: | B29: Por día de la semana y orden de aparición (1.er lunes PRE con 1.er lunes POST, etc.). Pares 1 a 12 con el mismo día; el par 13 une las últimas sesiones (lun 31/08 – mié 30/09) y se excluye en el análisis de sensibilidad. Ver columna S de la hoja Sesiones.
A30: Variable independiente: | B30: Registrar en la hoja Verificacion_VI la verificación de cada módulo del sistema antes de iniciar el postest.
A31: Control de calidad: | B31: Columna "Control de calidad" en cada hoja de registro y resumen en la hoja Control_Calidad. Consentimientos y bitácora en sus hojas respectivas.
A32: Exportación a SPSS: | B32: La hoja SPSS_Pares arma automáticamente los 13 pares para el archivo Analisis_SPSS.sps.

Sheet Pacientes
A1: Código | B1: Edad | C1: Sexo | D1: Estado | E1: Participó en la muestra original (30)
A2: SIM-01 | B2: 73 | C2: M | D2: Activo | E2: Sí
A3: SIM-02 | B3: 31 | C3: F | D3: Activo | E3: Sí
A4: SIM-03 | B4: 48 | C4: M | D4: Activo | E4: Sí
A5: SIM-04 | B5: 34 | C5: M | D5: Activo | E5: Sí
A6: SIM-05 | B6: 62 | C6: M | D6: Activo | E6: Sí
A7: SIM-06 | B7: 72 | C7: F | D7: Activo | E7: Sí
A8: SIM-07 | B8: 65 | C8: F | D8: Activo | E8: Sí
A9: SIM-08 | B9: 66 | C9: M | D9: Activo | E9: Sí
A10: SIM-09 | B10: 73 | C10: F | D10: Activo | E10: Sí
A11: SIM-10 | B11: 35 | C11: M | D11: Activo | E11: Sí
A12: SIM-11 | B12: 38 | C12: F | D12: Activo | E12: Sí
A13: SIM-12 | B13: 67 | C13: F | D13: Activo | E13: Sí
... A31: SIM-30 | B31: 63 | C31: M | D31: Activo | E31: Sí
E32: No (nuevo)
E33: No (nuevo)
E34: No (nuevo)
E35: No (nuevo)
E36: No (nuevo)
E37: No (nuevo)
E38: No (nuevo)
E39: No (nuevo)
E40: No (nuevo)
E41: No (nuevo)
E42: No (nuevo)
E43: No (nuevo)
... E46: No (nuevo)

Sheet Consentimientos
A1: Código del paciente | B1: Firmó el consentimiento | C1: Fecha de firma | D1: Retiró su consentimiento | E1: Fecha de retiro | F1: Observación | G1: Control
A2: =IF(Pacientes!A2="","",Pacientes!A2) | B2: Sí | C2: 46234 | D2: No | F2: SIMULADO | G2: =IF(A2="","",IF(B2<>"Sí","Sin consentimiento: excluir sus registros",IF(C2="","Falta fecha de firma",IF(C2>DATE(2026,8,3),"Firmado después del inicio del pretest (declarar)",IF(D2="Sí","Retirado: excluir desde la fecha de retiro","OK")))))
A3: =IF(Pacientes!A3="","",Pacientes!A3) | B3: Sí | C3: 46231 | D3: No | F3: SIMULADO | G3: =IF(A3="","",IF(B3<>"Sí","Sin consentimiento: excluir sus registros",IF(C3="","Falta fecha de firma",IF(C3>DATE(2026,8,3),"Firmado después del inicio del pretest (declarar)",IF(D3="Sí","Retirado: excluir desde la fecha de retiro","OK")))))
A4: =IF(Pacientes!A4="","",Pacientes!A4) | B4: Sí | C4: 46234 | D4: No | F4: SIMULADO | G4: =IF(A4="","",IF(B4<>"Sí","Sin consentimiento: excluir sus registros",IF(C4="","Falta fecha de firma",IF(C4>DATE(2026,8,3),"Firmado después del inicio del pretest (declarar)",IF(D4="Sí","Retirado: excluir desde la fecha de retiro","OK")))))
A5: =IF(Pacientes!A5="","",Pacientes!A5) | B5: Sí | C5: 46234 | D5: No | F5: SIMULADO | G5: =IF(A5="","",IF(B5<>"Sí","Sin consentimiento: excluir sus registros",IF(C5="","Falta fecha de firma",IF(C5>DATE(2026,8,3),"Firmado después del inicio del pretest (declarar)",IF(D5="Sí","Retirado: excluir desde la fecha de retiro","OK")))))
A6: =IF(Pacientes!A6="","",Pacientes!A6) | B6: Sí | C6: 46234 | D6: No | F6: SIMULADO | G6: =IF(A6="","",IF(B6<>"Sí","Sin consentimiento: excluir sus registros",IF(C6="","Falta fecha de firma",IF(C6>DATE(2026,8,3),"Firmado después del inicio del pretest (declarar)",IF(D6="Sí","Retirado: excluir desde la fecha de retiro","OK")))))
A7: =IF(Pacientes!A7="","",Pacientes!A7) | B7: Sí | C7: 46233 | D7: No | F7: SIMULADO | G7: =IF(A7="","",IF(B7<>"Sí","Sin consentimiento: excluir sus registros",IF(C7="","Falta fecha de firma",IF(C7>DATE(2026,8,3),"Firmado después del inicio del pretest (declarar)",IF(D7="Sí","Retirado: excluir desde la fecha de retiro","OK")))))
A8: =IF(Pacientes!A8="","",Pacientes!A8) | B8: Sí | C8: 46232 | D8: No | F8: SIMULADO | G8: =IF(A8="","",IF(B8<>"Sí","Sin consentimiento: excluir sus registros",IF(C8="","Falta fecha de firma",IF(C8>DATE(2026,8,3),"Firmado después del inicio del pretest (declarar)",IF(D8="Sí","Retirado: excluir desde la fecha de retiro","OK")))))
A9: =IF(Pacientes!A9="","",Pacientes!A9) | B9: Sí | C9: 46233 | D9: No | F9: SIMULADO | G9: =IF(A9="","",IF(B9<>"Sí","Sin consentimiento: excluir sus registros",IF(C9="","Falta fecha de firma",IF(C9>DATE(2026,8,3),"Firmado después del inicio del pretest (declarar)",IF(D9="Sí","Retirado: excluir desde la fecha de retiro","OK")))))
A10: =IF(Pacientes!A10="","",Pacientes!A10) | B10: Sí | C10: 46231 | D10: No | F10: SIMULADO | G10: =IF(A10="","",IF(B10<>"Sí","Sin consentimiento: excluir sus registros",IF(C10="","Falta fecha de firma",IF(C10>DATE(2026,8,3),"Firmado después del inicio del pretest (declarar)",IF(D10="Sí","Retirado: excluir desde la fecha de retiro","OK")))))
A11: =IF(Pacientes!A11="","",Pacientes!A11) | B11: Sí | C11: 46231 | D11: No | F11: SIMULADO | G11: =IF(A11="","",IF(B11<>"Sí","Sin consentimiento: excluir sus registros",IF(C11="","Falta fecha de firma",IF(C11>DATE(2026,8,3),"Firmado después del inicio del pretest (declarar)",IF(D11="Sí","Retirado: excluir desde la fecha de retiro","OK")))))
A12: =IF(Pacientes!A12="","",Pacientes!A12) | B12: Sí | C12: 46232 | D12: No | F12: SIMULADO | G12: =IF(A12="","",IF(B12<>"Sí","Sin consentimiento: excluir sus registros",IF(C12="","Falta fecha de firma",IF(C12>DATE(2026,8,3),"Firmado después del inicio del pretest (declarar)",IF(D12="Sí","Retirado: excluir desde la fecha de retiro","OK")))))
A13: =IF(Pacientes!A13="","",Pacientes!A13) | B13: Sí | C13: 46234 | D13: No | F13: SIMULADO | G13: =IF(A13="","",IF(B13<>"Sí","Sin consentimiento: excluir sus registros",IF(C13="","Falta fecha de firma",IF(C13>DATE(2026,8,3),"Firmado después del inicio del pretest (declarar)",IF(D13="Sí","Retirado: excluir desde la fecha de retiro","OK")))))
... A31: =IF(Pacientes!A31="","",Pacientes!A31) | B31: Sí | C31: 46231 | D31: No | F31: SIMULADO | G31: =IF(A31="","",IF(B31<>"Sí","Sin consentimiento: excluir sus registros",IF(C31="","Falta fecha de firma",IF(C31>DATE(2026,8,3),"Firmado después del inicio del pretest (declarar)",IF(D31="Sí","Retirado: excluir desde la fecha de retiro","OK")))))
A32: =IF(Pacientes!A32="","",Pacientes!A32) | G32: =IF(A32="","",IF(B32<>"Sí","Sin consentimiento: excluir sus registros",IF(C32="","Falta fecha de firma",IF(C32>DATE(2026,8,3),"Firmado después del inicio del pretest (declarar)",IF(D32="Sí","Retirado: excluir desde la fecha de retiro","OK")))))
A33: =IF(Pacientes!A33="","",Pacientes!A33) | G33: =IF(A33="","",IF(B33<>"Sí","Sin consentimiento: excluir sus registros",IF(C33="","Falta fecha de firma",IF(C33>DATE(2026,8,3),"Firmado después del inicio del pretest (declarar)",IF(D33="Sí","Retirado: excluir desde la fecha de retiro","OK")))))
A34: =IF(Pacientes!A34="","",Pacientes!A34) | G34: =IF(A34="","",IF(B34<>"Sí","Sin consentimiento: excluir sus registros",IF(C34="","Falta fecha de firma",IF(C34>DATE(2026,8,3),"Firmado después del inicio del pretest (declarar)",IF(D34="Sí","Retirado: excluir desde la fecha de retiro","OK")))))
A35: =IF(Pacientes!A35="","",Pacientes!A35) | G35: =IF(A35="","",IF(B35<>"Sí","Sin consentimiento: excluir sus registros",IF(C35="","Falta fecha de firma",IF(C35>DATE(2026,8,3),"Firmado después del inicio del pretest (declarar)",IF(D35="Sí","Retirado: excluir desde la fecha de retiro","OK")))))
A36: =IF(Pacientes!A36="","",Pacientes!A36) | G36: =IF(A36="","",IF(B36<>"Sí","Sin consentimiento: excluir sus registros",IF(C36="","Falta fecha de firma",IF(C36>DATE(2026,8,3),"Firmado después del inicio del pretest (declarar)",IF(D36="Sí","Retirado: excluir desde la fecha de retiro","OK")))))
A37: =IF(Pacientes!A37="","",Pacientes!A37) | G37: =IF(A37="","",IF(B37<>"Sí","Sin consentimiento: excluir sus registros",IF(C37="","Falta fecha de firma",IF(C37>DATE(2026,8,3),"Firmado después del inicio del pretest (declarar)",IF(D37="Sí","Retirado: excluir desde la fecha de retiro","OK")))))
A38: =IF(Pacientes!A38="","",Pacientes!A38) | G38: =IF(A38="","",IF(B38<>"Sí","Sin consentimiento: excluir sus registros",IF(C38="","Falta fecha de firma",IF(C38>DATE(2026,8,3),"Firmado después del inicio del pretest (declarar)",IF(D38="Sí","Retirado: excluir desde la fecha de retiro","OK")))))
A39: =IF(Pacientes!A39="","",Pacientes!A39) | G39: =IF(A39="","",IF(B39<>"Sí","Sin consentimiento: excluir sus registros",IF(C39="","Falta fecha de firma",IF(C39>DATE(2026,8,3),"Firmado después del inicio del pretest (declarar)",IF(D39="Sí","Retirado: excluir desde la fecha de retiro","OK")))))
A40: =IF(Pacientes!A40="","",Pacientes!A40) | G40: =IF(A40="","",IF(B40<>"Sí","Sin consentimiento: excluir sus registros",IF(C40="","Falta fecha de firma",IF(C40>DATE(2026,8,3),"Firmado después del inicio del pretest (declarar)",IF(D40="Sí","Retirado: excluir desde la fecha de retiro","OK")))))
A41: =IF(Pacientes!A41="","",Pacientes!A41) | G41: =IF(A41="","",IF(B41<>"Sí","Sin consentimiento: excluir sus registros",IF(C41="","Falta fecha de firma",IF(C41>DATE(2026,8,3),"Firmado después del inicio del pretest (declarar)",IF(D41="Sí","Retirado: excluir desde la fecha de retiro","OK")))))
A42: =IF(Pacientes!A42="","",Pacientes!A42) | G42: =IF(A42="","",IF(B42<>"Sí","Sin consentimiento: excluir sus registros",IF(C42="","Falta fecha de firma",IF(C42>DATE(2026,8,3),"Firmado después del inicio del pretest (declarar)",IF(D42="Sí","Retirado: excluir desde la fecha de retiro","OK")))))
A43: =IF(Pacientes!A43="","",Pacientes!A43) | G43: =IF(A43="","",IF(B43<>"Sí","Sin consentimiento: excluir sus registros",IF(C43="","Falta fecha de firma",IF(C43>DATE(2026,8,3),"Firmado después del inicio del pretest (declarar)",IF(D43="Sí","Retirado: excluir desde la fecha de retiro","OK")))))
... A46: =IF(Pacientes!A46="","",Pacientes!A46) | G46: =IF(A46="","",IF(B46<>"Sí","Sin consentimiento: excluir sus registros",IF(C46="","Falta fecha de firma",IF(C46>DATE(2026,8,3),"Firmado después del inicio del pretest (declarar)",IF(D46="Sí","Retirado: excluir desde la fecha de retiro","OK")))))

Sheet Verificacion_VI
A1: Módulo (dimensión VI) | B1: Funcionalidad verificada | C1: Fecha de verificación | D1: Resultado | E1: Evidencia (captura, registro) | F1: Responsable
A2: Registro de pacientes | B2: Alta de un paciente nuevo con validación de campos obligatorios | C2: 46266 | D2: Implementado | E2: SIMULADO | F2: SIMULADO
A3: Registro de pacientes | B3: Almacenamiento del registro con marca de tiempo de inicio y fin | C3: 46266 | D3: Implementado | E3: SIMULADO | F3: SIMULADO
A4: Agendamiento y recordatorios | B4: Creación de una cita con fecha, hora y servicio | C4: 46266 | D4: Implementado | E4: SIMULADO | F4: SIMULADO
A5: Agendamiento y recordatorios | B5: Envío automático del recordatorio al paciente | C5: 46266 | D5: Implementado | E5: SIMULADO | F5: SIMULADO
A6: Agendamiento y recordatorios | B6: Registro de cancelación o reprogramación con aviso previo | C6: 46266 | D6: Implementado | E6: SIMULADO | F6: SIMULADO
A7: Chatbot conversacional | B7: Respuesta a una consulta de cada categoría (citas, horarios, información institucional, requisitos, ubicación, seguimiento) | C7: 46266 | D7: Implementado | E7: SIMULADO | F7: SIMULADO
A8: Chatbot conversacional | B8: Derivación al personal cuando la consulta no puede resolverse | C8: 46266 | D8: Implementado | E8: SIMULADO | F8: SIMULADO
A9: Chatbot conversacional | B9: Registro de cada consulta con su categoría, resolución y derivación | C9: 46266 | D9: Implementado | E9: SIMULADO | F9: SIMULADO

Sheet TPR_PRE
A1: ID registro | B1: Fecha | C1: Código paciente | D1: Hora inicio registro | E1: Hora fin registro | F1: TPR (min) | G1: Modalidad | H1: Control de calidad
A2: Ej. | B2: 46237 | C2: PAC-00 | D2: 0.37638889 | E2: 0.38159722 | F2: =(E2-D2)*1440 | G2: Manual
A3: =IF(B3="","",ROW()-2) | B3: 46237 | C3: SIM-14 | D3: 0.46079861 | E3: 0.46563657 | F3: =IF(OR(D3="",E3=""),"",(E3-D3)*1440) | G3: Manual | H3: =IF(B3="","",IF(OR(C3="",D3="",E3=""),"Faltan datos",IF(COUNTIF(Pacientes!$A$2:$A$46,C3)=0,"Código no registrado",IF(F3<=0,"Tiempo no válido",IF(F3>60,"Revisar: más de 60 min","OK")))))
A4: =IF(B4="","",ROW()-2) | B4: 46237 | C4: SIM-19 | D4: 0.4084375 | E4: 0.41335648 | F4: =IF(OR(D4="",E4=""),"",(E4-D4)*1440) | G4: Manual | H4: =IF(B4="","",IF(OR(C4="",D4="",E4=""),"Faltan datos",IF(COUNTIF(Pacientes!$A$2:$A$46,C4)=0,"Código no registrado",IF(F4<=0,"Tiempo no válido",IF(F4>60,"Revisar: más de 60 min","OK")))))
A5: =IF(B5="","",ROW()-2) | B5: 46239 | C5: SIM-24 | D5: 0.43833333 | E5: 0.44381944 | F5: =IF(OR(D5="",E5=""),"",(E5-D5)*1440) | G5: Manual | H5: =IF(B5="","",IF(OR(C5="",D5="",E5=""),"Faltan datos",IF(COUNTIF(Pacientes!$A$2:$A$46,C5)=0,"Código no registrado",IF(F5<=0,"Tiempo no válido",IF(F5>60,"Revisar: más de 60 min","OK")))))
A6: =IF(B6="","",ROW()-2) | B6: 46239 | C6: SIM-01 | D6: 0.4699537 | E6: 0.47670139 | F6: =IF(OR(D6="",E6=""),"",(E6-D6)*1440) | G6: Manual | H6: =IF(B6="","",IF(OR(C6="",D6="",E6=""),"Faltan datos",IF(COUNTIF(Pacientes!$A$2:$A$46,C6)=0,"Código no registrado",IF(F6<=0,"Tiempo no válido",IF(F6>60,"Revisar: más de 60 min","OK")))))
A7: =IF(B7="","",ROW()-2) | B7: 46241 | C7: SIM-14 | D7: 0.36778935 | E7: 0.3730787 | F7: =IF(OR(D7="",E7=""),"",(E7-D7)*1440) | G7: Manual | H7: =IF(B7="","",IF(OR(C7="",D7="",E7=""),"Faltan datos",IF(COUNTIF(Pacientes!$A$2:$A$46,C7)=0,"Código no registrado",IF(F7<=0,"Tiempo no válido",IF(F7>60,"Revisar: más de 60 min","OK")))))
A8: =IF(B8="","",ROW()-2) | B8: 46244 | C8: SIM-30 | D8: 0.40640046 | E8: 0.41017361 | F8: =IF(OR(D8="",E8=""),"",(E8-D8)*1440) | G8: Manual | H8: =IF(B8="","",IF(OR(C8="",D8="",E8=""),"Faltan datos",IF(COUNTIF(Pacientes!$A$2:$A$46,C8)=0,"Código no registrado",IF(F8<=0,"Tiempo no válido",IF(F8>60,"Revisar: más de 60 min","OK")))))
A9: =IF(B9="","",ROW()-2) | B9: 46248 | C9: SIM-29 | D9: 0.46707176 | E9: 0.4712037 | F9: =IF(OR(D9="",E9=""),"",(E9-D9)*1440) | G9: Manual | H9: =IF(B9="","",IF(OR(C9="",D9="",E9=""),"Faltan datos",IF(COUNTIF(Pacientes!$A$2:$A$46,C9)=0,"Código no registrado",IF(F9<=0,"Tiempo no válido",IF(F9>60,"Revisar: más de 60 min","OK")))))
A10: =IF(B10="","",ROW()-2) | B10: 46248 | C10: SIM-27 | D10: 0.44471065 | E10: 0.44974537 | F10: =IF(OR(D10="",E10=""),"",(E10-D10)*1440) | G10: Manual | H10: =IF(B10="","",IF(OR(C10="",D10="",E10=""),"Faltan datos",IF(COUNTIF(Pacientes!$A$2:$A$46,C10)=0,"Código no registrado",IF(F10<=0,"Tiempo no válido",IF(F10>60,"Revisar: más de 60 min","OK")))))
A11: =IF(B11="","",ROW()-2) | B11: 46251 | C11: SIM-04 | D11: 0.39758102 | E11: 0.40461806 | F11: =IF(OR(D11="",E11=""),"",(E11-D11)*1440) | G11: Manual | H11: =IF(B11="","",IF(OR(C11="",D11="",E11=""),"Faltan datos",IF(COUNTIF(Pacientes!$A$2:$A$46,C11)=0,"Código no registrado",IF(F11<=0,"Tiempo no válido",IF(F11>60,"Revisar: más de 60 min","OK")))))
A12: =IF(B12="","",ROW()-2) | B12: 46253 | C12: SIM-21 | D12: 0.35604167 | E12: 0.36494213 | F12: =IF(OR(D12="",E12=""),"",(E12-D12)*1440) | G12: Manual | H12: =IF(B12="","",IF(OR(C12="",D12="",E12=""),"Faltan datos",IF(COUNTIF(Pacientes!$A$2:$A$46,C12)=0,"Código no registrado",IF(F12<=0,"Tiempo no válido",IF(F12>60,"Revisar: más de 60 min","OK")))))
A13: =IF(B13="","",ROW()-2) | B13: 46255 | C13: SIM-08 | D13: 0.48809028 | E13: 0.49498843 | F13: =IF(OR(D13="",E13=""),"",(E13-D13)*1440) | G13: Manual | H13: =IF(B13="","",IF(OR(C13="",D13="",E13=""),"Faltan datos",IF(COUNTIF(Pacientes!$A$2:$A$46,C13)=0,"Código no registrado",IF(F13<=0,"Tiempo no válido",IF(F13>60,"Revisar: más de 60 min","OK")))))
A14: =IF(B14="","",ROW()-2) | B14: 46255 | C14: SIM-29 | D14: 0.46903935 | E14: 0.47494213 | F14: =IF(OR(D14="",E14=""),"",(E14-D14)*1440) | G14: Manual | H14: =IF(B14="","",IF(OR(C14="",D14="",E14=""),"Faltan datos",IF(COUNTIF(Pacientes!$A$2:$A$46,C14)=0,"Código no registrado",IF(F14<=0,"Tiempo no válido",IF(F14>60,"Revisar: más de 60 min","OK")))))
... A21: =IF(B21="","",ROW()-2) | B21: 46265 | C21: SIM-23 | D21: 0.45034722 | E21: 0.45655093 | F21: =IF(OR(D21="",E21=""),"",(E21-D21)*1440) | G21: Manual | H21: =IF(B21="","",IF(OR(C21="",D21="",E21=""),"Faltan datos",IF(COUNTIF(Pacientes!$A$2:$A$46,C21)=0,"Código no registrado",IF(F21<=0,"Tiempo no válido",IF(F21>60,"Revisar: más de 60 min","OK")))))
A22: =IF(B22="","",ROW()-2) | F22: =IF(OR(D22="",E22=""),"",(E22-D22)*1440) | G22: Manual | H22: =IF(B22="","",IF(OR(C22="",D22="",E22=""),"Faltan datos",IF(COUNTIF(Pacientes!$A$2:$A$46,C22)=0,"Código no registrado",IF(F22<=0,"Tiempo no válido",IF(F22>60,"Revisar: más de 60 min","OK")))))
A23: =IF(B23="","",ROW()-2) | F23: =IF(OR(D23="",E23=""),"",(E23-D23)*1440) | G23: Manual | H23: =IF(B23="","",IF(OR(C23="",D23="",E23=""),"Faltan datos",IF(COUNTIF(Pacientes!$A$2:$A$46,C23)=0,"Código no registrado",IF(F23<=0,"Tiempo no válido",IF(F23>60,"Revisar: más de 60 min","OK")))))
A24: =IF(B24="","",ROW()-2) | F24: =IF(OR(D24="",E24=""),"",(E24-D24)*1440) | G24: Manual | H24: =IF(B24="","",IF(OR(C24="",D24="",E24=""),"Faltan datos",IF(COUNTIF(Pacientes!$A$2:$A$46,C24)=0,"Código no registrado",IF(F24<=0,"Tiempo no válido",IF(F24>60,"Revisar: más de 60 min","OK")))))
A25: =IF(B25="","",ROW()-2) | F25: =IF(OR(D25="",E25=""),"",(E25-D25)*1440) | G25: Manual | H25: =IF(B25="","",IF(OR(C25="",D25="",E25=""),"Faltan datos",IF(COUNTIF(Pacientes!$A$2:$A$46,C25)=0,"Código no registrado",IF(F25<=0,"Tiempo no válido",IF(F25>60,"Revisar: más de 60 min","OK")))))
A26: =IF(B26="","",ROW()-2) | F26: =IF(OR(D26="",E26=""),"",(E26-D26)*1440) | G26: Manual | H26: =IF(B26="","",IF(OR(C26="",D26="",E26=""),"Faltan datos",IF(COUNTIF(Pacientes!$A$2:$A$46,C26)=0,"Código no registrado",IF(F26<=0,"Tiempo no válido",IF(F26>60,"Revisar: más de 60 min","OK")))))
A27: =IF(B27="","",ROW()-2) | F27: =IF(OR(D27="",E27=""),"",(E27-D27)*1440) | G27: Manual | H27: =IF(B27="","",IF(OR(C27="",D27="",E27=""),"Faltan datos",IF(COUNTIF(Pacientes!$A$2:$A$46,C27)=0,"Código no registrado",IF(F27<=0,"Tiempo no válido",IF(F27>60,"Revisar: más de 60 min","OK")))))
A28: =IF(B28="","",ROW()-2) | F28: =IF(OR(D28="",E28=""),"",(E28-D28)*1440) | G28: Manual | H28: =IF(B28="","",IF(OR(C28="",D28="",E28=""),"Faltan datos",IF(COUNTIF(Pacientes!$A$2:$A$46,C28)=0,"Código no registrado",IF(F28<=0,"Tiempo no válido",IF(F28>60,"Revisar: más de 60 min","OK")))))
A29: =IF(B29="","",ROW()-2) | F29: =IF(OR(D29="",E29=""),"",(E29-D29)*1440) | G29: Manual | H29: =IF(B29="","",IF(OR(C29="",D29="",E29=""),"Faltan datos",IF(COUNTIF(Pacientes!$A$2:$A$46,C29)=0,"Código no registrado",IF(F29<=0,"Tiempo no válido",IF(F29>60,"Revisar: más de 60 min","OK")))))
A30: =IF(B30="","",ROW()-2) | F30: =IF(OR(D30="",E30=""),"",(E30-D30)*1440) | G30: Manual | H30: =IF(B30="","",IF(OR(C30="",D30="",E30=""),"Faltan datos",IF(COUNTIF(Pacientes!$A$2:$A$46,C30)=0,"Código no registrado",IF(F30<=0,"Tiempo no válido",IF(F30>60,"Revisar: más de 60 min","OK")))))
A31: =IF(B31="","",ROW()-2) | F31: =IF(OR(D31="",E31=""),"",(E31-D31)*1440) | G31: Manual | H31: =IF(B31="","",IF(OR(C31="",D31="",E31=""),"Faltan datos",IF(COUNTIF(Pacientes!$A$2:$A$46,C31)=0,"Código no registrado",IF(F31<=0,"Tiempo no válido",IF(F31>60,"Revisar: más de 60 min","OK")))))
A32: =IF(B32="","",ROW()-2) | F32: =IF(OR(D32="",E32=""),"",(E32-D32)*1440) | G32: Manual | H32: =IF(B32="","",IF(OR(C32="",D32="",E32=""),"Faltan datos",IF(COUNTIF(Pacientes!$A$2:$A$46,C32)=0,"Código no registrado",IF(F32<=0,"Tiempo no válido",IF(F32>60,"Revisar: más de 60 min","OK")))))
A33: =IF(B33="","",ROW()-2) | F33: =IF(OR(D33="",E33=""),"",(E33-D33)*1440) | G33: Manual | H33: =IF(B33="","",IF(OR(C33="",D33="",E33=""),"Faltan datos",IF(COUNTIF(Pacientes!$A$2:$A$46,C33)=0,"Código no registrado",IF(F33<=0,"Tiempo no válido",IF(F33>60,"Revisar: más de 60 min","OK")))))
... A202: =IF(B202="","",ROW()-2) | F202: =IF(OR(D202="",E202=""),"",(E202-D202)*1440) | G202: Manual | H202: =IF(B202="","",IF(OR(C202="",D202="",E202=""),"Faltan datos",IF(COUNTIF(Pacientes!$A$2:$A$46,C202)=0,"Código no registrado",IF(F202<=0,"Tiempo no válido",IF(F202>60,"Revisar: más de 60 min","OK")))))

Sheet TPR_POST
A1: ID registro | B1: Fecha | C1: Código paciente | D1: Hora inicio registro | E1: Hora fin registro | F1: TPR (min) | G1: Modalidad | H1: Control de calidad
A2: Ej. | B2: 46267 | C2: PAC-00 | D2: 0.37638889 | E2: 0.38159722 | F2: =(E2-D2)*1440 | G2: Sistema
A3: =IF(B3="","",ROW()-2) | B3: 46267 | C3: SIM-11 | D3: 0.37134259 | E3: 0.37451389 | F3: =IF(OR(D3="",E3=""),"",(E3-D3)*1440) | G3: Sistema | H3: =IF(B3="","",IF(OR(C3="",D3="",E3=""),"Faltan datos",IF(COUNTIF(Pacientes!$A$2:$A$46,C3)=0,"Código no registrado",IF(F3<=0,"Tiempo no válido",IF(F3>60,"Revisar: más de 60 min","OK")))))
A4: =IF(B4="","",ROW()-2) | B4: 46269 | C4: SIM-02 | D4: 0.4628125 | E4: 0.46576389 | F4: =IF(OR(D4="",E4=""),"",(E4-D4)*1440) | G4: Sistema | H4: =IF(B4="","",IF(OR(C4="",D4="",E4=""),"Faltan datos",IF(COUNTIF(Pacientes!$A$2:$A$46,C4)=0,"Código no registrado",IF(F4<=0,"Tiempo no válido",IF(F4>60,"Revisar: más de 60 min","OK")))))
A5: =IF(B5="","",ROW()-2) | B5: 46269 | C5: SIM-07 | D5: 0.44898148 | E5: 0.45086806 | F5: =IF(OR(D5="",E5=""),"",(E5-D5)*1440) | G5: Sistema | H5: =IF(B5="","",IF(OR(C5="",D5="",E5=""),"Faltan datos",IF(COUNTIF(Pacientes!$A$2:$A$46,C5)=0,"Código no registrado",IF(F5<=0,"Tiempo no válido",IF(F5>60,"Revisar: más de 60 min","OK")))))
A6: =IF(B6="","",ROW()-2) | B6: 46269 | C6: SIM-21 | D6: 0.47699074 | E6: 0.47884259 | F6: =IF(OR(D6="",E6=""),"",(E6-D6)*1440) | G6: Sistema | H6: =IF(B6="","",IF(OR(C6="",D6="",E6=""),"Faltan datos",IF(COUNTIF(Pacientes!$A$2:$A$46,C6)=0,"Código no registrado",IF(F6<=0,"Tiempo no válido",IF(F6>60,"Revisar: más de 60 min","OK")))))
A7: =IF(B7="","",ROW()-2) | B7: 46269 | C7: SIM-21 | D7: 0.44230324 | E7: 0.44469907 | F7: =IF(OR(D7="",E7=""),"",(E7-D7)*1440) | G7: Sistema | H7: =IF(B7="","",IF(OR(C7="",D7="",E7=""),"Faltan datos",IF(COUNTIF(Pacientes!$A$2:$A$46,C7)=0,"Código no registrado",IF(F7<=0,"Tiempo no válido",IF(F7>60,"Revisar: más de 60 min","OK")))))
A8: =IF(B8="","",ROW()-2) | B8: 46272 | C8: SIM-08 | D8: 0.40564815 | E8: 0.40991898 | F8: =IF(OR(D8="",E8=""),"",(E8-D8)*1440) | G8: Sistema | H8: =IF(B8="","",IF(OR(C8="",D8="",E8=""),"Faltan datos",IF(COUNTIF(Pacientes!$A$2:$A$46,C8)=0,"Código no registrado",IF(F8<=0,"Tiempo no válido",IF(F8>60,"Revisar: más de 60 min","OK")))))
A9: =IF(B9="","",ROW()-2) | B9: 46274 | C9: SIM-07 | D9: 0.40777778 | E9: 0.409375 | F9: =IF(OR(D9="",E9=""),"",(E9-D9)*1440) | G9: Sistema | H9: =IF(B9="","",IF(OR(C9="",D9="",E9=""),"Faltan datos",IF(COUNTIF(Pacientes!$A$2:$A$46,C9)=0,"Código no registrado",IF(F9<=0,"Tiempo no válido",IF(F9>60,"Revisar: más de 60 min","OK")))))
A10: =IF(B10="","",ROW()-2) | B10: 46276 | C10: SIM-21 | D10: 0.43960648 | E10: 0.44366898 | F10: =IF(OR(D10="",E10=""),"",(E10-D10)*1440) | G10: Sistema | H10: =IF(B10="","",IF(OR(C10="",D10="",E10=""),"Faltan datos",IF(COUNTIF(Pacientes!$A$2:$A$46,C10)=0,"Código no registrado",IF(F10<=0,"Tiempo no válido",IF(F10>60,"Revisar: más de 60 min","OK")))))
A11: =IF(B11="","",ROW()-2) | B11: 46276 | C11: SIM-21 | D11: 0.37277778 | E11: 0.37571759 | F11: =IF(OR(D11="",E11=""),"",(E11-D11)*1440) | G11: Sistema | H11: =IF(B11="","",IF(OR(C11="",D11="",E11=""),"Faltan datos",IF(COUNTIF(Pacientes!$A$2:$A$46,C11)=0,"Código no registrado",IF(F11<=0,"Tiempo no válido",IF(F11>60,"Revisar: más de 60 min","OK")))))
A12: =IF(B12="","",ROW()-2) | B12: 46279 | C12: SIM-09 | D12: 0.4647338 | E12: 0.46680556 | F12: =IF(OR(D12="",E12=""),"",(E12-D12)*1440) | G12: Sistema | H12: =IF(B12="","",IF(OR(C12="",D12="",E12=""),"Faltan datos",IF(COUNTIF(Pacientes!$A$2:$A$46,C12)=0,"Código no registrado",IF(F12<=0,"Tiempo no válido",IF(F12>60,"Revisar: más de 60 min","OK")))))
A13: =IF(B13="","",ROW()-2) | B13: 46281 | C13: SIM-14 | D13: 0.36043981 | E13: 0.36384259 | F13: =IF(OR(D13="",E13=""),"",(E13-D13)*1440) | G13: Sistema | H13: =IF(B13="","",IF(OR(C13="",D13="",E13=""),"Faltan datos",IF(COUNTIF(Pacientes!$A$2:$A$46,C13)=0,"Código no registrado",IF(F13<=0,"Tiempo no válido",IF(F13>60,"Revisar: más de 60 min","OK")))))
A14: =IF(B14="","",ROW()-2) | B14: 46281 | C14: SIM-21 | D14: 0.35859954 | E14: 0.36380787 | F14: =IF(OR(D14="",E14=""),"",(E14-D14)*1440) | G14: Sistema | H14: =IF(B14="","",IF(OR(C14="",D14="",E14=""),"Faltan datos",IF(COUNTIF(Pacientes!$A$2:$A$46,C14)=0,"Código no registrado",IF(F14<=0,"Tiempo no válido",IF(F14>60,"Revisar: más de 60 min","OK")))))
... A23: =IF(B23="","",ROW()-2) | B23: 46295 | C23: SIM-07 | D23: 0.46271991 | E23: 0.46572917 | F23: =IF(OR(D23="",E23=""),"",(E23-D23)*1440) | G23: Sistema | H23: =IF(B23="","",IF(OR(C23="",D23="",E23=""),"Faltan datos",IF(COUNTIF(Pacientes!$A$2:$A$46,C23)=0,"Código no registrado",IF(F23<=0,"Tiempo no válido",IF(F23>60,"Revisar: más de 60 min","OK")))))
A24: =IF(B24="","",ROW()-2) | F24: =IF(OR(D24="",E24=""),"",(E24-D24)*1440) | G24: Sistema | H24: =IF(B24="","",IF(OR(C24="",D24="",E24=""),"Faltan datos",IF(COUNTIF(Pacientes!$A$2:$A$46,C24)=0,"Código no registrado",IF(F24<=0,"Tiempo no válido",IF(F24>60,"Revisar: más de 60 min","OK")))))
A25: =IF(B25="","",ROW()-2) | F25: =IF(OR(D25="",E25=""),"",(E25-D25)*1440) | G25: Sistema | H25: =IF(B25="","",IF(OR(C25="",D25="",E25=""),"Faltan datos",IF(COUNTIF(Pacientes!$A$2:$A$46,C25)=0,"Código no registrado",IF(F25<=0,"Tiempo no válido",IF(F25>60,"Revisar: más de 60 min","OK")))))
A26: =IF(B26="","",ROW()-2) | F26: =IF(OR(D26="",E26=""),"",(E26-D26)*1440) | G26: Sistema | H26: =IF(B26="","",IF(OR(C26="",D26="",E26=""),"Faltan datos",IF(COUNTIF(Pacientes!$A$2:$A$46,C26)=0,"Código no registrado",IF(F26<=0,"Tiempo no válido",IF(F26>60,"Revisar: más de 60 min","OK")))))
A27: =IF(B27="","",ROW()-2) | F27: =IF(OR(D27="",E27=""),"",(E27-D27)*1440) | G27: Sistema | H27: =IF(B27="","",IF(OR(C27="",D27="",E27=""),"Faltan datos",IF(COUNTIF(Pacientes!$A$2:$A$46,C27)=0,"Código no registrado",IF(F27<=0,"Tiempo no válido",IF(F27>60,"Revisar: más de 60 min","OK")))))
A28: =IF(B28="","",ROW()-2) | F28: =IF(OR(D28="",E28=""),"",(E28-D28)*1440) | G28: Sistema | H28: =IF(B28="","",IF(OR(C28="",D28="",E28=""),"Faltan datos",IF(COUNTIF(Pacientes!$A$2:$A$46,C28)=0,"Código no registrado",IF(F28<=0,"Tiempo no válido",IF(F28>60,"Revisar: más de 60 min","OK")))))
A29: =IF(B29="","",ROW()-2) | F29: =IF(OR(D29="",E29=""),"",(E29-D29)*1440) | G29: Sistema | H29: =IF(B29="","",IF(OR(C29="",D29="",E29=""),"Faltan datos",IF(COUNTIF(Pacientes!$A$2:$A$46,C29)=0,"Código no registrado",IF(F29<=0,"Tiempo no válido",IF(F29>60,"Revisar: más de 60 min","OK")))))
A30: =IF(B30="","",ROW()-2) | F30: =IF(OR(D30="",E30=""),"",(E30-D30)*1440) | G30: Sistema | H30: =IF(B30="","",IF(OR(C30="",D30="",E30=""),"Faltan datos",IF(COUNTIF(Pacientes!$A$2:$A$46,C30)=0,"Código no registrado",IF(F30<=0,"Tiempo no válido",IF(F30>60,"Revisar: más de 60 min","OK")))))
A31: =IF(B31="","",ROW()-2) | F31: =IF(OR(D31="",E31=""),"",(E31-D31)*1440) | G31: Sistema | H31: =IF(B31="","",IF(OR(C31="",D31="",E31=""),"Faltan datos",IF(COUNTIF(Pacientes!$A$2:$A$46,C31)=0,"Código no registrado",IF(F31<=0,"Tiempo no válido",IF(F31>60,"Revisar: más de 60 min","OK")))))
A32: =IF(B32="","",ROW()-2) | F32: =IF(OR(D32="",E32=""),"",(E32-D32)*1440) | G32: Sistema | H32: =IF(B32="","",IF(OR(C32="",D32="",E32=""),"Faltan datos",IF(COUNTIF(Pacientes!$A$2:$A$46,C32)=0,"Código no registrado",IF(F32<=0,"Tiempo no válido",IF(F32>60,"Revisar: más de 60 min","OK")))))
A33: =IF(B33="","",ROW()-2) | F33: =IF(OR(D33="",E33=""),"",(E33-D33)*1440) | G33: Sistema | H33: =IF(B33="","",IF(OR(C33="",D33="",E33=""),"Faltan datos",IF(COUNTIF(Pacientes!$A$2:$A$46,C33)=0,"Código no registrado",IF(F33<=0,"Tiempo no válido",IF(F33>60,"Revisar: más de 60 min","OK")))))
A34: =IF(B34="","",ROW()-2) | F34: =IF(OR(D34="",E34=""),"",(E34-D34)*1440) | G34: Sistema | H34: =IF(B34="","",IF(OR(C34="",D34="",E34=""),"Faltan datos",IF(COUNTIF(Pacientes!$A$2:$A$46,C34)=0,"Código no registrado",IF(F34<=0,"Tiempo no válido",IF(F34>60,"Revisar: más de 60 min","OK")))))
A35: =IF(B35="","",ROW()-2) | F35: =IF(OR(D35="",E35=""),"",(E35-D35)*1440) | G35: Sistema | H35: =IF(B35="","",IF(OR(C35="",D35="",E35=""),"Faltan datos",IF(COUNTIF(Pacientes!$A$2:$A$46,C35)=0,"Código no registrado",IF(F35<=0,"Tiempo no válido",IF(F35>60,"Revisar: más de 60 min","OK")))))
... A202: =IF(B202="","",ROW()-2) | F202: =IF(OR(D202="",E202=""),"",(E202-D202)*1440) | G202: Sistema | H202: =IF(B202="","",IF(OR(C202="",D202="",E202=""),"Faltan datos",IF(COUNTIF(Pacientes!$A$2:$A$46,C202)=0,"Código no registrado",IF(F202<=0,"Tiempo no válido",IF(F202>60,"Revisar: más de 60 min","OK")))))

Sheet Ausentismo_PRE
A1: ID cita | B1: Fecha | C1: Código paciente | D1: Cita programada | E1: Estado | F1: Motivo (si no asistió) | G1: Recordatorio enviado | H1: Control de calidad
A2: Ej. | B2: 46237 | C2: PAC-00 | D2: Sí | E2: No asistió | F2: Sin aviso | G2: No
A3: =IF(B3="","",ROW()-2) | B3: 46237 | C3: SIM-24 | D3: Sí | E3: Asistió | G3: No | H3: =IF(B3="","",IF(OR(C3="",E3=""),"Faltan datos",IF(COUNTIF(Pacientes!$A$2:$A$46,C3)=0,"Código no registrado","OK")))
A4: =IF(B4="","",ROW()-2) | B4: 46237 | C4: SIM-07 | D4: Sí | E4: Cancelada | F4: Aviso previo | G4: No | H4: =IF(B4="","",IF(OR(C4="",E4=""),"Faltan datos",IF(COUNTIF(Pacientes!$A$2:$A$46,C4)=0,"Código no registrado","OK")))
A5: =IF(B5="","",ROW()-2) | B5: 46237 | C5: SIM-27 | D5: Sí | E5: Asistió | G5: No | H5: =IF(B5="","",IF(OR(C5="",E5=""),"Faltan datos",IF(COUNTIF(Pacientes!$A$2:$A$46,C5)=0,"Código no registrado","OK")))
A6: =IF(B6="","",ROW()-2) | B6: 46237 | C6: SIM-21 | D6: Sí | E6: Asistió | G6: No | H6: =IF(B6="","",IF(OR(C6="",E6=""),"Faltan datos",IF(COUNTIF(Pacientes!$A$2:$A$46,C6)=0,"Código no registrado","OK")))
A7: =IF(B7="","",ROW()-2) | B7: 46237 | C7: SIM-01 | D7: Sí | E7: Asistió | G7: No | H7: =IF(B7="","",IF(OR(C7="",E7=""),"Faltan datos",IF(COUNTIF(Pacientes!$A$2:$A$46,C7)=0,"Código no registrado","OK")))
A8: =IF(B8="","",ROW()-2) | B8: 46237 | C8: SIM-24 | D8: Sí | E8: Asistió | G8: No | H8: =IF(B8="","",IF(OR(C8="",E8=""),"Faltan datos",IF(COUNTIF(Pacientes!$A$2:$A$46,C8)=0,"Código no registrado","OK")))
A9: =IF(B9="","",ROW()-2) | B9: 46237 | C9: SIM-06 | D9: Sí | E9: Asistió | G9: No | H9: =IF(B9="","",IF(OR(C9="",E9=""),"Faltan datos",IF(COUNTIF(Pacientes!$A$2:$A$46,C9)=0,"Código no registrado","OK")))
A10: =IF(B10="","",ROW()-2) | B10: 46237 | C10: SIM-27 | D10: Sí | E10: Asistió | G10: No | H10: =IF(B10="","",IF(OR(C10="",E10=""),"Faltan datos",IF(COUNTIF(Pacientes!$A$2:$A$46,C10)=0,"Código no registrado","OK")))
A11: =IF(B11="","",ROW()-2) | B11: 46237 | C11: SIM-13 | D11: Sí | E11: Asistió | G11: No | H11: =IF(B11="","",IF(OR(C11="",E11=""),"Faltan datos",IF(COUNTIF(Pacientes!$A$2:$A$46,C11)=0,"Código no registrado","OK")))
A12: =IF(B12="","",ROW()-2) | B12: 46237 | C12: SIM-10 | D12: Sí | E12: Asistió | G12: Sí | H12: =IF(B12="","",IF(OR(C12="",E12=""),"Faltan datos",IF(COUNTIF(Pacientes!$A$2:$A$46,C12)=0,"Código no registrado","OK")))
A13: =IF(B13="","",ROW()-2) | B13: 46237 | C13: SIM-27 | D13: Sí | E13: Asistió | G13: No | H13: =IF(B13="","",IF(OR(C13="",E13=""),"Faltan datos",IF(COUNTIF(Pacientes!$A$2:$A$46,C13)=0,"Código no registrado","OK")))
A14: =IF(B14="","",ROW()-2) | B14: 46239 | C14: SIM-18 | D14: Sí | E14: Asistió | G14: No | H14: =IF(B14="","",IF(OR(C14="",E14=""),"Faltan datos",IF(COUNTIF(Pacientes!$A$2:$A$46,C14)=0,"Código no registrado","OK")))
A15: =IF(B15="","",ROW()-2) | B15: 46239 | C15: SIM-23 | D15: Sí | E15: Asistió | G15: No | H15: =IF(B15="","",IF(OR(C15="",E15=""),"Faltan datos",IF(COUNTIF(Pacientes!$A$2:$A$46,C15)=0,"Código no registrado","OK")))
A16: =IF(B16="","",ROW()-2) | B16: 46239 | C16: SIM-21 | D16: Sí | E16: Asistió | G16: No | H16: =IF(B16="","",IF(OR(C16="",E16=""),"Faltan datos",IF(COUNTIF(Pacientes!$A$2:$A$46,C16)=0,"Código no registrado","OK")))
A17: =IF(B17="","",ROW()-2) | B17: 46239 | C17: SIM-26 | D17: Sí | E17: Cancelada | F17: Aviso previo | G17: No | H17: =IF(B17="","",IF(OR(C17="",E17=""),"Faltan datos",IF(COUNTIF(Pacientes!$A$2:$A$46,C17)=0,"Código no registrado","OK")))
A18: =IF(B18="","",ROW()-2) | B18: 46239 | C18: SIM-30 | D18: Sí | E18: Asistió | G18: Sí | H18: =IF(B18="","",IF(OR(C18="",E18=""),"Faltan datos",IF(COUNTIF(Pacientes!$A$2:$A$46,C18)=0,"Código no registrado","OK")))
A19: =IF(B19="","",ROW()-2) | B19: 46239 | C19: SIM-10 | D19: Sí | E19: Asistió | G19: No | H19: =IF(B19="","",IF(OR(C19="",E19=""),"Faltan datos",IF(COUNTIF(Pacientes!$A$2:$A$46,C19)=0,"Código no registrado","OK")))
A20: =IF(B20="","",ROW()-2) | B20: 46239 | C20: SIM-03 | D20: Sí | E20: Asistió | G20: No | H20: =IF(B20="","",IF(OR(C20="",E20=""),"Faltan datos",IF(COUNTIF(Pacientes!$A$2:$A$46,C20)=0,"Código no registrado","OK")))
A21: =IF(B21="","",ROW()-2) | B21: 46239 | C21: SIM-10 | D21: Sí | E21: Asistió | G21: No | H21: =IF(B21="","",IF(OR(C21="",E21=""),"Faltan datos",IF(COUNTIF(Pacientes!$A$2:$A$46,C21)=0,"Código no registrado","OK")))
A22: =IF(B22="","",ROW()-2) | B22: 46239 | C22: SIM-04 | D22: Sí | E22: No asistió | F22: Sin aviso | G22: No | H22: =IF(B22="","",IF(OR(C22="",E22=""),"Faltan datos",IF(COUNTIF(Pacientes!$A$2:$A$46,C22)=0,"Código no registrado","OK")))
A23: =IF(B23="","",ROW()-2) | B23: 46239 | C23: SIM-02 | D23: Sí | E23: Asistió | G23: No | H23: =IF(B23="","",IF(OR(C23="",E23=""),"Faltan datos",IF(COUNTIF(Pacientes!$A$2:$A$46,C23)=0,"Código no registrado","OK")))
A24: =IF(B24="","",ROW()-2) | B24: 46241 | C24: SIM-02 | D24: Sí | E24: Asistió | G24: No | H24: =IF(B24="","",IF(OR(C24="",E24=""),"Faltan datos",IF(COUNTIF(Pacientes!$A$2:$A$46,C24)=0,"Código no registrado","OK")))
A25: =IF(B25="","",ROW()-2) | B25: 46241 | C25: SIM-30 | D25: Sí | E25: Asistió | G25: No | H25: =IF(B25="","",IF(OR(C25="",E25=""),"Faltan datos",IF(COUNTIF(Pacientes!$A$2:$A$46,C25)=0,"Código no registrado","OK")))
A26: =IF(B26="","",ROW()-2) | B26: 46241 | C26: SIM-25 | D26: Sí | E26: No asistió | F26: Sin aviso | G26: No | H26: =IF(B26="","",IF(OR(C26="",E26=""),"Faltan datos",IF(COUNTIF(Pacientes!$A$2:$A$46,C26)=0,"Código no registrado","OK")))
A27: =IF(B27="","",ROW()-2) | B27: 46241 | C27: SIM-07 | D27: Sí | E27: Asistió | G27: No | H27: =IF(B27="","",IF(OR(C27="",E27=""),"Faltan datos",IF(COUNTIF(Pacientes!$A$2:$A$46,C27)=0,"Código no registrado","OK")))
A28: =IF(B28="","",ROW()-2) | B28: 46241 | C28: SIM-03 | D28: Sí | E28: Asistió | G28: No | H28: =IF(B28="","",IF(OR(C28="",E28=""),"Faltan datos",IF(COUNTIF(Pacientes!$A$2:$A$46,C28)=0,"Código no registrado","OK")))
A29: =IF(B29="","",ROW()-2) | B29: 46241 | C29: SIM-02 | D29: Sí | E29: Reprogramada | F29: Aviso previo | G29: No | H29: =IF(B29="","",IF(OR(C29="",E29=""),"Faltan datos",IF(COUNTIF(Pacientes!$A$2:$A$46,C29)=0,"Código no registrado","OK")))
A30: =IF(B30="","",ROW()-2) | B30: 46241 | C30: SIM-17 | D30: Sí | E30: Asistió | G30: Sí | H30: =IF(B30="","",IF(OR(C30="",E30=""),"Faltan datos",IF(COUNTIF(Pacientes!$A$2:$A$46,C30)=0,"Código no registrado","OK")))
A31: =IF(B31="","",ROW()-2) | B31: 46241 | C31: SIM-18 | D31: Sí | E31: Asistió | G31: No | H31: =IF(B31="","",IF(OR(C31="",E31=""),"Faltan datos",IF(COUNTIF(Pacientes!$A$2:$A$46,C31)=0,"Código no registrado","OK")))
A32: =IF(B32="","",ROW()-2) | B32: 46241 | C32: SIM-13 | D32: Sí | E32: Asistió | G32: No | H32: =IF(B32="","",IF(OR(C32="",E32=""),"Faltan datos",IF(COUNTIF(Pacientes!$A$2:$A$46,C32)=0,"Código no registrado","OK")))
A33: =IF(B33="","",ROW()-2) | B33: 46241 | C33: SIM-23 | D33: Sí | E33: Asistió | G33: No | H33: =IF(B33="","",IF(OR(C33="",E33=""),"Faltan datos",IF(COUNTIF(Pacientes!$A$2:$A$46,C33)=0,"Código no registrado","OK")))
A34: =IF(B34="","",ROW()-2) | B34: 46241 | C34: SIM-30 | D34: Sí | E34: Cancelada | F34: Aviso previo | G34: No | H34: =IF(B34="","",IF(OR(C34="",E34=""),"Faltan datos",IF(COUNTIF(Pacientes!$A$2:$A$46,C34)=0,"Código no registrado","OK")))
A35: =IF(B35="","",ROW()-2) | B35: 46241 | C35: SIM-27 | D35: Sí | E35: Reprogramada | F35: Aviso previo | G35: No | H35: =IF(B35="","",IF(OR(C35="",E35=""),"Faltan datos",IF(COUNTIF(Pacientes!$A$2:$A$46,C35)=0,"Código no registrado","OK")))
A36: =IF(B36="","",ROW()-2) | B36: 46244 | C36: SIM-24 | D36: Sí | E36: Asistió | G36: No | H36: =IF(B36="","",IF(OR(C36="",E36=""),"Faltan datos",IF(COUNTIF(Pacientes!$A$2:$A$46,C36)=0,"Código no registrado","OK")))
A37: =IF(B37="","",ROW()-2) | B37: 46244 | C37: SIM-08 | D37: Sí | E37: Cancelada | F37: Aviso previo | G37: No | H37: =IF(B37="","",IF(OR(C37="",E37=""),"Faltan datos",IF(COUNTIF(Pacientes!$A$2:$A$46,C37)=0,"Código no registrado","OK")))
A38: =IF(B38="","",ROW()-2) | B38: 46244 | C38: SIM-13 | D38: Sí | E38: Asistió | G38: No | H38: =IF(B38="","",IF(OR(C38="",E38=""),"Faltan datos",IF(COUNTIF(Pacientes!$A$2:$A$46,C38)=0,"Código no registrado","OK")))
A39: =IF(B39="","",ROW()-2) | B39: 46244 | C39: SIM-07 | D39: Sí | E39: Asistió | G39: No | H39: =IF(B39="","",IF(OR(C39="",E39=""),"Faltan datos",IF(COUNTIF(Pacientes!$A$2:$A$46,C39)=0,"Código no registrado","OK")))
A40: =IF(B40="","",ROW()-2) | B40: 46244 | C40: SIM-16 | D40: Sí | E40: No asistió | F40: Sin aviso | G40: No | H40: =IF(B40="","",IF(OR(C40="",E40=""),"Faltan datos",IF(COUNTIF(Pacientes!$A$2:$A$46,C40)=0,"Código no registrado","OK")))
A41: =IF(B41="","",ROW()-2) | B41: 46244 | C41: SIM-22 | D41: Sí | E41: Asistió | G41: No | H41: =IF(B41="","",IF(OR(C41="",E41=""),"Faltan datos",IF(COUNTIF(Pacientes!$A$2:$A$46,C41)=0,"Código no registrado","OK")))
A42: =IF(B42="","",ROW()-2) | B42: 46244 | C42: SIM-17 | D42: Sí | E42: Asistió | G42: No | H42: =IF(B42="","",IF(OR(C42="",E42=""),"Faltan datos",IF(COUNTIF(Pacientes!$A$2:$A$46,C42)=0,"Código no registrado","OK")))
A43: =IF(B43="","",ROW()-2) | B43: 46244 | C43: SIM-28 | D43: Sí | E43: Asistió | G43: Sí | H43: =IF(B43="","",IF(OR(C43="",E43=""),"Faltan datos",IF(COUNTIF(Pacientes!$A$2:$A$46,C43)=0,"Código no registrado","OK")))
A44: =IF(B44="","",ROW()-2) | B44: 46244 | C44: SIM-14 | D44: Sí | E44: Asistió | G44: No | H44: =IF(B44="","",IF(OR(C44="",E44=""),"Faltan datos",IF(COUNTIF(Pacientes!$A$2:$A$46,C44)=0,"Código no registrado","OK")))
A45: =IF(B45="","",ROW()-2) | B45: 46244 | C45: SIM-15 | D45: Sí | E45: Asistió | G45: No | H45: =IF(B45="","",IF(OR(C45="",E45=""),"Faltan datos",IF(COUNTIF(Pacientes!$A$2:$A$46,C45)=0,"Código no registrado","OK")))
A46: =IF(B46="","",ROW()-2) | B46: 46244 | C46: SIM-27 | D46: Sí | E46: Asistió | G46: No | H46: =IF(B46="","",IF(OR(C46="",E46=""),"Faltan datos",IF(COUNTIF(Pacientes!$A$2:$A$46,C46)=0,"Código no registrado","OK")))
A47: =IF(B47="","",ROW()-2) | B47: 46246 | C47: SIM-16 | D47: Sí | E47: Asistió | G47: Sí | H47: =IF(B47="","",IF(OR(C47="",E47=""),"Faltan datos",IF(COUNTIF(Pacientes!$A$2:$A$46,C47)=0,"Código no registrado","OK")))
A48: =IF(B48="","",ROW()-2) | B48: 46246 | C48: SIM-23 | D48: Sí | E48: No asistió | F48: Sin aviso | G48: No | H48: =IF(B48="","",IF(OR(C48="",E48=""),"Faltan datos",IF(COUNTIF(Pacientes!$A$2:$A$46,C48)=0,"Código no registrado","OK")))
A49: =IF(B49="","",ROW()-2) | B49: 46246 | C49: SIM-25 | D49: Sí | E49: No asistió | F49: Sin aviso | G49: No | H49: =IF(B49="","",IF(OR(C49="",E49=""),"Faltan datos",IF(COUNTIF(Pacientes!$A$2:$A$46,C49)=0,"Código no registrado","OK")))
A50: =IF(B50="","",ROW()-2) | B50: 46246 | C50: SIM-12 | D50: Sí | E50: No asistió | F50: Sin aviso | G50: No | H50: =IF(B50="","",IF(OR(C50="",E50=""),"Faltan datos",IF(COUNTIF(Pacientes!$A$2:$A$46,C50)=0,"Código no registrado","OK")))
A51: =IF(B51="","",ROW()-2) | B51: 46246 | C51: SIM-10 | D51: Sí | E51: Cancelada | F51: Aviso previo | G51: No | H51: =IF(B51="","",IF(OR(C51="",E51=""),"Faltan datos",IF(COUNTIF(Pacientes!$A$2:$A$46,C51)=0,"Código no registrado","OK")))
A52: =IF(B52="","",ROW()-2) | B52: 46246 | C52: SIM-25 | D52: Sí | E52: Asistió | G52: No | H52: =IF(B52="","",IF(OR(C52="",E52=""),"Faltan datos",IF(COUNTIF(Pacientes!$A$2:$A$46,C52)=0,"Código no registrado","OK")))
A53: =IF(B53="","",ROW()-2) | B53: 46246 | C53: SIM-27 | D53: Sí | E53: No asistió | F53: Sin aviso | G53: No | H53: =IF(B53="","",IF(OR(C53="",E53=""),"Faltan datos",IF(COUNTIF(Pacientes!$A$2:$A$46,C53)=0,"Código no registrado","OK")))
A54: =IF(B54="","",ROW()-2) | B54: 46246 | C54: SIM-26 | D54: Sí | E54: Asistió | G54: No | H54: =IF(B54="","",IF(OR(C54="",E54=""),"Faltan datos",IF(COUNTIF(Pacientes!$A$2:$A$46,C54)=0,"Código no registrado","OK")))
A55: =IF(B55="","",ROW()-2) | B55: 46246 | C55: SIM-25 | D55: Sí | E55: Reprogramada | F55: Aviso previo | G55: No | H55: =IF(B55="","",IF(OR(C55="",E55=""),"Faltan datos",IF(COUNTIF(Pacientes!$A$2:$A$46,C55)=0,"Código no registrado","OK")))
A56: =IF(B56="","",ROW()-2) | B56: 46246 | C56: SIM-14 | D56: Sí | E56: Cancelada | F56: Aviso previo | G56: No | H56: =IF(B56="","",IF(OR(C56="",E56=""),"Faltan datos",IF(COUNTIF(Pacientes!$A$2:$A$46,C56)=0,"Código no registrado","OK")))
A57: =IF(B57="","",ROW()-2) | B57: 46246 | C57: SIM-28 | D57: Sí | E57: No asistió | F57: Sin aviso | G57: No | H57: =IF(B57="","",IF(OR(C57="",E57=""),"Faltan datos",IF(COUNTIF(Pacientes!$A$2:$A$46,C57)=0,"Código no registrado","OK")))
A58: =IF(B58="","",ROW()-2) | B58: 46248 | C58: SIM-16 | D58: Sí | E58: Asistió | G58: No | H58: =IF(B58="","",IF(OR(C58="",E58=""),"Faltan datos",IF(COUNTIF(Pacientes!$A$2:$A$46,C58)=0,"Código no registrado","OK")))
A59: =IF(B59="","",ROW()-2) | B59: 46248 | C59: SIM-19 | D59: Sí | E59: Asistió | G59: No | H59: =IF(B59="","",IF(OR(C59="",E59=""),"Faltan datos",IF(COUNTIF(Pacientes!$A$2:$A$46,C59)=0,"Código no registrado","OK")))
A60: =IF(B60="","",ROW()-2) | B60: 46248 | C60: SIM-24 | D60: Sí | E60: No asistió | F60: Sin aviso | G60: Sí | H60: =IF(B60="","",IF(OR(C60="",E60=""),"Faltan datos",IF(COUNTIF(Pacientes!$A$2:$A$46,C60)=0,"Código no registrado","OK")))
A61: =IF(B61="","",ROW()-2) | B61: 46248 | C61: SIM-15 | D61: Sí | E61: Asistió | G61: No | H61: =IF(B61="","",IF(OR(C61="",E61=""),"Faltan datos",IF(COUNTIF(Pacientes!$A$2:$A$46,C61)=0,"Código no registrado","OK")))
A62: =IF(B62="","",ROW()-2) | B62: 46248 | C62: SIM-01 | D62: Sí | E62: Asistió | G62: No | H62: =IF(B62="","",IF(OR(C62="",E62=""),"Faltan datos",IF(COUNTIF(Pacientes!$A$2:$A$46,C62)=0,"Código no registrado","OK")))
A63: =IF(B63="","",ROW()-2) | B63: 46248 | C63: SIM-10 | D63: Sí | E63: Asistió | G63: No | H63: =IF(B63="","",IF(OR(C63="",E63=""),"Faltan datos",IF(COUNTIF(Pacientes!$A$2:$A$46,C63)=0,"Código no registrado","OK")))
A64: =IF(B64="","",ROW()-2) | B64: 46248 | C64: SIM-16 | D64: Sí | E64: Asistió | G64: No | H64: =IF(B64="","",IF(OR(C64="",E64=""),"Faltan datos",IF(COUNTIF(Pacientes!$A$2:$A$46,C64)=0,"Código no registrado","OK")))
A65: =IF(B65="","",ROW()-2) | B65: 46248 | C65: SIM-12 | D65: Sí | E65: No asistió | F65: Sin aviso | G65: No | H65: =IF(B65="","",IF(OR(C65="",E65=""),"Faltan datos",IF(COUNTIF(Pacientes!$A$2:$A$46,C65)=0,"Código no registrado","OK")))
A66: =IF(B66="","",ROW()-2) | B66: 46248 | C66: SIM-29 | D66: Sí | E66: No asistió | F66: Sin aviso | G66: Sí | H66: =IF(B66="","",IF(OR(C66="",E66=""),"Faltan datos",IF(COUNTIF(Pacientes!$A$2:$A$46,C66)=0,"Código no registrado","OK")))
A67: =IF(B67="","",ROW()-2) | B67: 46248 | C67: SIM-14 | D67: Sí | E67: Reprogramada | F67: Aviso previo | G67: No | H67: =IF(B67="","",IF(OR(C67="",E67=""),"Faltan datos",IF(COUNTIF(Pacientes!$A$2:$A$46,C67)=0,"Código no registrado","OK")))
A68: =IF(B68="","",ROW()-2) | B68: 46248 | C68: SIM-07 | D68: Sí | E68: Asistió | G68: No | H68: =IF(B68="","",IF(OR(C68="",E68=""),"Faltan datos",IF(COUNTIF(Pacientes!$A$2:$A$46,C68)=0,"Código no registrado","OK")))
A69: =IF(B69="","",ROW()-2) | B69: 46251 | C69: SIM-15 | D69: Sí | E69: Reprogramada | F69: Aviso previo | G69: No | H69: =IF(B69="","",IF(OR(C69="",E69=""),"Faltan datos",IF(COUNTIF(Pacientes!$A$2:$A$46,C69)=0,"Código no registrado","OK")))
A70: =IF(B70="","",ROW()-2) | B70: 46251 | C70: SIM-07 | D70: Sí | E70: Cancelada | F70: Aviso previo | G70: No | H70: =IF(B70="","",IF(OR(C70="",E70=""),"Faltan datos",IF(COUNTIF(Pacientes!$A$2:$A$46,C70)=0,"Código no registrado","OK")))
A71: =IF(B71="","",ROW()-2) | B71: 46251 | C71: SIM-11 | D71: Sí | E71: No asistió | F71: Sin aviso | G71: Sí | H71: =IF(B71="","",IF(OR(C71="",E71=""),"Faltan datos",IF(COUNTIF(Pacientes!$A$2:$A$46,C71)=0,"Código no registrado","OK")))
A72: =IF(B72="","",ROW()-2) | B72: 46251 | C72: SIM-29 | D72: Sí | E72: Asistió | G72: Sí | H72: =IF(B72="","",IF(OR(C72="",E72=""),"Faltan datos",IF(COUNTIF(Pacientes!$A$2:$A$46,C72)=0,"Código no registrado","OK")))
A73: =IF(B73="","",ROW()-2) | B73: 46251 | C73: SIM-15 | D73: Sí | E73: Asistió | G73: No | H73: =IF(B73="","",IF(OR(C73="",E73=""),"Faltan datos",IF(COUNTIF(Pacientes!$A$2:$A$46,C73)=0,"Código no registrado","OK")))
A74: =IF(B74="","",ROW()-2) | B74: 46251 | C74: SIM-08 | D74: Sí | E74: Asistió | G74: No | H74: =IF(B74="","",IF(OR(C74="",E74=""),"Faltan datos",IF(COUNTIF(Pacientes!$A$2:$A$46,C74)=0,"Código no registrado","OK")))
A75: =IF(B75="","",ROW()-2) | B75: 46251 | C75: SIM-28 | D75: Sí | E75: Asistió | G75: No | H75: =IF(B75="","",IF(OR(C75="",E75=""),"Faltan datos",IF(COUNTIF(Pacientes!$A$2:$A$46,C75)=0,"Código no registrado","OK")))
A76: =IF(B76="","",ROW()-2) | B76: 46251 | C76: SIM-09 | D76: Sí | E76: Asistió | G76: No | H76: =IF(B76="","",IF(OR(C76="",E76=""),"Faltan datos",IF(COUNTIF(Pacientes!$A$2:$A$46,C76)=0,"Código no registrado","OK")))
A77: =IF(B77="","",ROW()-2) | B77: 46251 | C77: SIM-18 | D77: Sí | E77: No asistió | F77: Sin aviso | G77: No | H77: =IF(B77="","",IF(OR(C77="",E77=""),"Faltan datos",IF(COUNTIF(Pacientes!$A$2:$A$46,C77)=0,"Código no registrado","OK")))
A78: =IF(B78="","",ROW()-2) | B78: 46253 | C78: SIM-09 | D78: Sí | E78: No asistió | F78: Sin aviso | G78: No | H78: =IF(B78="","",IF(OR(C78="",E78=""),"Faltan datos",IF(COUNTIF(Pacientes!$A$2:$A$46,C78)=0,"Código no registrado","OK")))
A79: =IF(B79="","",ROW()-2) | B79: 46253 | C79: SIM-27 | D79: Sí | E79: No asistió | F79: Sin aviso | G79: No | H79: =IF(B79="","",IF(OR(C79="",E79=""),"Faltan datos",IF(COUNTIF(Pacientes!$A$2:$A$46,C79)=0,"Código no registrado","OK")))
A80: =IF(B80="","",ROW()-2) | B80: 46253 | C80: SIM-07 | D80: Sí | E80: Asistió | G80: Sí | H80: =IF(B80="","",IF(OR(C80="",E80=""),"Faltan datos",IF(COUNTIF(Pacientes!$A$2:$A$46,C80)=0,"Código no registrado","OK")))
A81: =IF(B81="","",ROW()-2) | B81: 46253 | C81: SIM-11 | D81: Sí | E81: Asistió | G81: No | H81: =IF(B81="","",IF(OR(C81="",E81=""),"Faltan datos",IF(COUNTIF(Pacientes!$A$2:$A$46,C81)=0,"Código no registrado","OK")))
A82: =IF(B82="","",ROW()-2) | B82: 46253 | C82: SIM-20 | D82: Sí | E82: No asistió | F82: Sin aviso | G82: Sí | H82: =IF(B82="","",IF(OR(C82="",E82=""),"Faltan datos",IF(COUNTIF(Pacientes!$A$2:$A$46,C82)=0,"Código no registrado","OK")))
A83: =IF(B83="","",ROW()-2) | B83: 46253 | C83: SIM-26 | D83: Sí | E83: No asistió | F83: Sin aviso | G83: No | H83: =IF(B83="","",IF(OR(C83="",E83=""),"Faltan datos",IF(COUNTIF(Pacientes!$A$2:$A$46,C83)=0,"Código no registrado","OK")))
A84: =IF(B84="","",ROW()-2) | B84: 46253 | C84: SIM-07 | D84: Sí | E84: Cancelada | F84: Aviso previo | G84: No | H84: =IF(B84="","",IF(OR(C84="",E84=""),"Faltan datos",IF(COUNTIF(Pacientes!$A$2:$A$46,C84)=0,"Código no registrado","OK")))
A85: =IF(B85="","",ROW()-2) | B85: 46253 | C85: SIM-12 | D85: Sí | E85: Asistió | G85: No | H85: =IF(B85="","",IF(OR(C85="",E85=""),"Faltan datos",IF(COUNTIF(Pacientes!$A$2:$A$46,C85)=0,"Código no registrado","OK")))
A86: =IF(B86="","",ROW()-2) | B86: 46255 | C86: SIM-29 | D86: Sí | E86: Asistió | G86: No | H86: =IF(B86="","",IF(OR(C86="",E86=""),"Faltan datos",IF(COUNTIF(Pacientes!$A$2:$A$46,C86)=0,"Código no registrado","OK")))
A87: =IF(B87="","",ROW()-2) | B87: 46255 | C87: SIM-03 | D87: Sí | E87: Asistió | G87: No | H87: =IF(B87="","",IF(OR(C87="",E87=""),"Faltan datos",IF(COUNTIF(Pacientes!$A$2:$A$46,C87)=0,"Código no registrado","OK")))
A88: =IF(B88="","",ROW()-2) | B88: 46255 | C88: SIM-09 | D88: Sí | E88: No asistió | F88: Sin aviso | G88: No | H88: =IF(B88="","",IF(OR(C88="",E88=""),"Faltan datos",IF(COUNTIF(Pacientes!$A$2:$A$46,C88)=0,"Código no registrado","OK")))
A89: =IF(B89="","",ROW()-2) | B89: 46255 | C89: SIM-25 | D89: Sí | E89: Asistió | G89: No | H89: =IF(B89="","",IF(OR(C89="",E89=""),"Faltan datos",IF(COUNTIF(Pacientes!$A$2:$A$46,C89)=0,"Código no registrado","OK")))
A90: =IF(B90="","",ROW()-2) | B90: 46255 | C90: SIM-02 | D90: Sí | E90: Asistió | G90: No | H90: =IF(B90="","",IF(OR(C90="",E90=""),"Faltan datos",IF(COUNTIF(Pacientes!$A$2:$A$46,C90)=0,"Código no registrado","OK")))
A91: =IF(B91="","",ROW()-2) | B91: 46255 | C91: SIM-28 | D91: Sí | E91: No asistió | F91: Sin aviso | G91: Sí | H91: =IF(B91="","",IF(OR(C91="",E91=""),"Faltan datos",IF(COUNTIF(Pacientes!$A$2:$A$46,C91)=0,"Código no registrado","OK")))
A92: =IF(B92="","",ROW()-2) | B92: 46255 | C92: SIM-01 | D92: Sí | E92: Asistió | G92: No | H92: =IF(B92="","",IF(OR(C92="",E92=""),"Faltan datos",IF(COUNTIF(Pacientes!$A$2:$A$46,C92)=0,"Código no registrado","OK")))
A93: =IF(B93="","",ROW()-2) | B93: 46255 | C93: SIM-28 | D93: Sí | E93: Asistió | G93: No | H93: =IF(B93="","",IF(OR(C93="",E93=""),"Faltan datos",IF(COUNTIF(Pacientes!$A$2:$A$46,C93)=0,"Código no registrado","OK")))
A94: =IF(B94="","",ROW()-2) | B94: 46258 | C94: SIM-10 | D94: Sí | E94: Asistió | G94: No | H94: =IF(B94="","",IF(OR(C94="",E94=""),"Faltan datos",IF(COUNTIF(Pacientes!$A$2:$A$46,C94)=0,"Código no registrado","OK")))
A95: =IF(B95="","",ROW()-2) | B95: 46258 | C95: SIM-17 | D95: Sí | E95: No asistió | F95: Sin aviso | G95: No | H95: =IF(B95="","",IF(OR(C95="",E95=""),"Faltan datos",IF(COUNTIF(Pacientes!$A$2:$A$46,C95)=0,"Código no registrado","OK")))
A96: =IF(B96="","",ROW()-2) | B96: 46258 | C96: SIM-15 | D96: Sí | E96: Asistió | G96: No | H96: =IF(B96="","",IF(OR(C96="",E96=""),"Faltan datos",IF(COUNTIF(Pacientes!$A$2:$A$46,C96)=0,"Código no registrado","OK")))
A97: =IF(B97="","",ROW()-2) | B97: 46258 | C97: SIM-02 | D97: Sí | E97: Asistió | G97: No | H97: =IF(B97="","",IF(OR(C97="",E97=""),"Faltan datos",IF(COUNTIF(Pacientes!$A$2:$A$46,C97)=0,"Código no registrado","OK")))
A98: =IF(B98="","",ROW()-2) | B98: 46258 | C98: SIM-23 | D98: Sí | E98: No asistió | F98: Sin aviso | G98: No | H98: =IF(B98="","",IF(OR(C98="",E98=""),"Faltan datos",IF(COUNTIF(Pacientes!$A$2:$A$46,C98)=0,"Código no registrado","OK")))
A99: =IF(B99="","",ROW()-2) | B99: 46258 | C99: SIM-09 | D99: Sí | E99: Reprogramada | F99: Aviso previo | G99: No | H99: =IF(B99="","",IF(OR(C99="",E99=""),"Faltan datos",IF(COUNTIF(Pacientes!$A$2:$A$46,C99)=0,"Código no registrado","OK")))
A100: =IF(B100="","",ROW()-2) | B100: 46258 | C100: SIM-03 | D100: Sí | E100: No asistió | F100: Sin aviso | G100: No | H100: =IF(B100="","",IF(OR(C100="",E100=""),"Faltan datos",IF(COUNTIF(Pacientes!$A$2:$A$46,C100)=0,"Código no registrado","OK")))
...

Sheet Ausentismo_POST
A1: ID cita | B1: Fecha | C1: Código paciente | D1: Cita programada | E1: Estado | F1: Motivo (si no asistió) | G1: Recordatorio enviado | H1: Control de calidad
A2: Ej. | B2: 46267 | C2: PAC-00 | D2: Sí | E2: No asistió | F2: Sin aviso | G2: No
A3: =IF(B3="","",ROW()-2) | B3: 46267 | C3: SIM-23 | D3: Sí | E3: Asistió | G3: Sí | H3: =IF(B3="","",IF(OR(C3="",E3=""),"Faltan datos",IF(COUNTIF(Pacientes!$A$2:$A$46,C3)=0,"Código no registrado","OK")))
A4: =IF(B4="","",ROW()-2) | B4: 46267 | C4: SIM-30 | D4: Sí | E4: Asistió | G4: Sí | H4: =IF(B4="","",IF(OR(C4="",E4=""),"Faltan datos",IF(COUNTIF(Pacientes!$A$2:$A$46,C4)=0,"Código no registrado","OK")))
A5: =IF(B5="","",ROW()-2) | B5: 46267 | C5: SIM-16 | D5: Sí | E5: Cancelada | F5: Aviso previo | G5: Sí | H5: =IF(B5="","",IF(OR(C5="",E5=""),"Faltan datos",IF(COUNTIF(Pacientes!$A$2:$A$46,C5)=0,"Código no registrado","OK")))
A6: =IF(B6="","",ROW()-2) | B6: 46267 | C6: SIM-30 | D6: Sí | E6: Asistió | G6: Sí | H6: =IF(B6="","",IF(OR(C6="",E6=""),"Faltan datos",IF(COUNTIF(Pacientes!$A$2:$A$46,C6)=0,"Código no registrado","OK")))
A7: =IF(B7="","",ROW()-2) | B7: 46267 | C7: SIM-26 | D7: Sí | E7: No asistió | F7: Sin aviso | G7: Sí | H7: =IF(B7="","",IF(OR(C7="",E7=""),"Faltan datos",IF(COUNTIF(Pacientes!$A$2:$A$46,C7)=0,"Código no registrado","OK")))
A8: =IF(B8="","",ROW()-2) | B8: 46267 | C8: SIM-27 | D8: Sí | E8: Asistió | G8: Sí | H8: =IF(B8="","",IF(OR(C8="",E8=""),"Faltan datos",IF(COUNTIF(Pacientes!$A$2:$A$46,C8)=0,"Código no registrado","OK")))
A9: =IF(B9="","",ROW()-2) | B9: 46267 | C9: SIM-16 | D9: Sí | E9: Cancelada | F9: Aviso previo | G9: Sí | H9: =IF(B9="","",IF(OR(C9="",E9=""),"Faltan datos",IF(COUNTIF(Pacientes!$A$2:$A$46,C9)=0,"Código no registrado","OK")))
A10: =IF(B10="","",ROW()-2) | B10: 46267 | C10: SIM-15 | D10: Sí | E10: Asistió | G10: Sí | H10: =IF(B10="","",IF(OR(C10="",E10=""),"Faltan datos",IF(COUNTIF(Pacientes!$A$2:$A$46,C10)=0,"Código no registrado","OK")))
A11: =IF(B11="","",ROW()-2) | B11: 46267 | C11: SIM-23 | D11: Sí | E11: Asistió | G11: No | H11: =IF(B11="","",IF(OR(C11="",E11=""),"Faltan datos",IF(COUNTIF(Pacientes!$A$2:$A$46,C11)=0,"Código no registrado","OK")))
A12: =IF(B12="","",ROW()-2) | B12: 46267 | C12: SIM-02 | D12: Sí | E12: Asistió | G12: Sí | H12: =IF(B12="","",IF(OR(C12="",E12=""),"Faltan datos",IF(COUNTIF(Pacientes!$A$2:$A$46,C12)=0,"Código no registrado","OK")))
A13: =IF(B13="","",ROW()-2) | B13: 46267 | C13: SIM-21 | D13: Sí | E13: Asistió | G13: No | H13: =IF(B13="","",IF(OR(C13="",E13=""),"Faltan datos",IF(COUNTIF(Pacientes!$A$2:$A$46,C13)=0,"Código no registrado","OK")))
A14: =IF(B14="","",ROW()-2) | B14: 46267 | C14: SIM-16 | D14: Sí | E14: Asistió | G14: Sí | H14: =IF(B14="","",IF(OR(C14="",E14=""),"Faltan datos",IF(COUNTIF(Pacientes!$A$2:$A$46,C14)=0,"Código no registrado","OK")))
A15: =IF(B15="","",ROW()-2) | B15: 46269 | C15: SIM-09 | D15: Sí | E15: Asistió | G15: Sí | H15: =IF(B15="","",IF(OR(C15="",E15=""),"Faltan datos",IF(COUNTIF(Pacientes!$A$2:$A$46,C15)=0,"Código no registrado","OK")))
A16: =IF(B16="","",ROW()-2) | B16: 46269 | C16: SIM-16 | D16: Sí | E16: Asistió | G16: Sí | H16: =IF(B16="","",IF(OR(C16="",E16=""),"Faltan datos",IF(COUNTIF(Pacientes!$A$2:$A$46,C16)=0,"Código no registrado","OK")))
A17: =IF(B17="","",ROW()-2) | B17: 46269 | C17: SIM-16 | D17: Sí | E17: Asistió | G17: Sí | H17: =IF(B17="","",IF(OR(C17="",E17=""),"Faltan datos",IF(COUNTIF(Pacientes!$A$2:$A$46,C17)=0,"Código no registrado","OK")))
A18: =IF(B18="","",ROW()-2) | B18: 46269 | C18: SIM-01 | D18: Sí | E18: Asistió | G18: Sí | H18: =IF(B18="","",IF(OR(C18="",E18=""),"Faltan datos",IF(COUNTIF(Pacientes!$A$2:$A$46,C18)=0,"Código no registrado","OK")))
A19: =IF(B19="","",ROW()-2) | B19: 46269 | C19: SIM-27 | D19: Sí | E19: Asistió | G19: Sí | H19: =IF(B19="","",IF(OR(C19="",E19=""),"Faltan datos",IF(COUNTIF(Pacientes!$A$2:$A$46,C19)=0,"Código no registrado","OK")))
A20: =IF(B20="","",ROW()-2) | B20: 46269 | C20: SIM-04 | D20: Sí | E20: Asistió | G20: Sí | H20: =IF(B20="","",IF(OR(C20="",E20=""),"Faltan datos",IF(COUNTIF(Pacientes!$A$2:$A$46,C20)=0,"Código no registrado","OK")))
A21: =IF(B21="","",ROW()-2) | B21: 46269 | C21: SIM-28 | D21: Sí | E21: Asistió | G21: No | H21: =IF(B21="","",IF(OR(C21="",E21=""),"Faltan datos",IF(COUNTIF(Pacientes!$A$2:$A$46,C21)=0,"Código no registrado","OK")))
... A23: =IF(B23="","",ROW()-2) | B23: 46269 | C23: SIM-07 | D23: Sí | E23: Asistió | G23: Sí | H23: =IF(B23="","",IF(OR(C23="",E23=""),"Faltan datos",IF(COUNTIF(Pacientes!$A$2:$A$46,C23)=0,"Código no registrado","OK")))
A24: =IF(B24="","",ROW()-2) | B24: 46269 | C24: SIM-24 | D24: Sí | E24: Cancelada | F24: Aviso previo | G24: Sí | H24: =IF(B24="","",IF(OR(C24="",E24=""),"Faltan datos",IF(COUNTIF(Pacientes!$A$2:$A$46,C24)=0,"Código no registrado","OK")))
A25: =IF(B25="","",ROW()-2) | B25: 46272 | C25: SIM-16 | D25: Sí | E25: No asistió | F25: Sin aviso | G25: Sí | H25: =IF(B25="","",IF(OR(C25="",E25=""),"Faltan datos",IF(COUNTIF(Pacientes!$A$2:$A$46,C25)=0,"Código no registrado","OK")))
A26: =IF(B26="","",ROW()-2) | B26: 46272 | C26: SIM-02 | D26: Sí | E26: Asistió | G26: Sí | H26: =IF(B26="","",IF(OR(C26="",E26=""),"Faltan datos",IF(COUNTIF(Pacientes!$A$2:$A$46,C26)=0,"Código no registrado","OK")))
A27: =IF(B27="","",ROW()-2) | B27: 46272 | C27: SIM-25 | D27: Sí | E27: Cancelada | F27: Aviso previo | G27: Sí | H27: =IF(B27="","",IF(OR(C27="",E27=""),"Faltan datos",IF(COUNTIF(Pacientes!$A$2:$A$46,C27)=0,"Código no registrado","OK")))
A28: =IF(B28="","",ROW()-2) | B28: 46272 | C28: SIM-07 | D28: Sí | E28: Asistió | G28: Sí | H28: =IF(B28="","",IF(OR(C28="",E28=""),"Faltan datos",IF(COUNTIF(Pacientes!$A$2:$A$46,C28)=0,"Código no registrado","OK")))
A29: =IF(B29="","",ROW()-2) | B29: 46272 | C29: SIM-20 | D29: Sí | E29: Asistió | G29: Sí | H29: =IF(B29="","",IF(OR(C29="",E29=""),"Faltan datos",IF(COUNTIF(Pacientes!$A$2:$A$46,C29)=0,"Código no registrado","OK")))
A30: =IF(B30="","",ROW()-2) | B30: 46272 | C30: SIM-25 | D30: Sí | E30: Asistió | G30: Sí | H30: =IF(B30="","",IF(OR(C30="",E30=""),"Faltan datos",IF(COUNTIF(Pacientes!$A$2:$A$46,C30)=0,"Código no registrado","OK")))
A31: =IF(B31="","",ROW()-2) | B31: 46272 | C31: SIM-26 | D31: Sí | E31: Asistió | G31: Sí | H31: =IF(B31="","",IF(OR(C31="",E31=""),"Faltan datos",IF(COUNTIF(Pacientes!$A$2:$A$46,C31)=0,"Código no registrado","OK")))
A32: =IF(B32="","",ROW()-2) | B32: 46272 | C32: SIM-22 | D32: Sí | E32: Asistió | G32: Sí | H32: =IF(B32="","",IF(OR(C32="",E32=""),"Faltan datos",IF(COUNTIF(Pacientes!$A$2:$A$46,C32)=0,"Código no registrado","OK")))
A33: =IF(B33="","",ROW()-2) | B33: 46272 | C33: SIM-02 | D33: Sí | E33: No asistió | F33: Sin aviso | G33: Sí | H33: =IF(B33="","",IF(OR(C33="",E33=""),"Faltan datos",IF(COUNTIF(Pacientes!$A$2:$A$46,C33)=0,"Código no registrado","OK")))
A34: =IF(B34="","",ROW()-2) | B34: 46272 | C34: SIM-19 | D34: Sí | E34: Asistió | G34: Sí | H34: =IF(B34="","",IF(OR(C34="",E34=""),"Faltan datos",IF(COUNTIF(Pacientes!$A$2:$A$46,C34)=0,"Código no registrado","OK")))
A35: =IF(B35="","",ROW()-2) | B35: 46272 | C35: SIM-22 | D35: Sí | E35: Asistió | G35: Sí | H35: =IF(B35="","",IF(OR(C35="",E35=""),"Faltan datos",IF(COUNTIF(Pacientes!$A$2:$A$46,C35)=0,"Código no registrado","OK")))
A36: =IF(B36="","",ROW()-2) | B36: 46274 | C36: SIM-29 | D36: Sí | E36: Asistió | G36: Sí | H36: =IF(B36="","",IF(OR(C36="",E36=""),"Faltan datos",IF(COUNTIF(Pacientes!$A$2:$A$46,C36)=0,"Código no registrado","OK")))
A37: =IF(B37="","",ROW()-2) | B37: 46274 | C37: SIM-27 | D37: Sí | E37: Asistió | G37: Sí | H37: =IF(B37="","",IF(OR(C37="",E37=""),"Faltan datos",IF(COUNTIF(Pacientes!$A$2:$A$46,C37)=0,"Código no registrado","OK")))
A38: =IF(B38="","",ROW()-2) | B38: 46274 | C38: SIM-27 | D38: Sí | E38: Reprogramada | F38: Aviso previo | G38: Sí | H38: =IF(B38="","",IF(OR(C38="",E38=""),"Faltan datos",IF(COUNTIF(Pacientes!$A$2:$A$46,C38)=0,"Código no registrado","OK")))
A39: =IF(B39="","",ROW()-2) | B39: 46274 | C39: SIM-01 | D39: Sí | E39: Asistió | G39: Sí | H39: =IF(B39="","",IF(OR(C39="",E39=""),"Faltan datos",IF(COUNTIF(Pacientes!$A$2:$A$46,C39)=0,"Código no registrado","OK")))
A40: =IF(B40="","",ROW()-2) | B40: 46274 | C40: SIM-22 | D40: Sí | E40: Asistió | G40: Sí | H40: =IF(B40="","",IF(OR(C40="",E40=""),"Faltan datos",IF(COUNTIF(Pacientes!$A$2:$A$46,C40)=0,"Código no registrado","OK")))
A41: =IF(B41="","",ROW()-2) | B41: 46274 | C41: SIM-10 | D41: Sí | E41: Asistió | G41: Sí | H41: =IF(B41="","",IF(OR(C41="",E41=""),"Faltan datos",IF(COUNTIF(Pacientes!$A$2:$A$46,C41)=0,"Código no registrado","OK")))
A42: =IF(B42="","",ROW()-2) | B42: 46274 | C42: SIM-07 | D42: Sí | E42: Asistió | G42: Sí | H42: =IF(B42="","",IF(OR(C42="",E42=""),"Faltan datos",IF(COUNTIF(Pacientes!$A$2:$A$46,C42)=0,"Código no registrado","OK")))
A43: =IF(B43="","",ROW()-2) | B43: 46274 | C43: SIM-22 | D43: Sí | E43: Cancelada | F43: Aviso previo | G43: Sí | H43: =IF(B43="","",IF(OR(C43="",E43=""),"Faltan datos",IF(COUNTIF(Pacientes!$A$2:$A$46,C43)=0,"Código no registrado","OK")))
A44: =IF(B44="","",ROW()-2) | B44: 46276 | C44: SIM-03 | D44: Sí | E44: Asistió | G44: Sí | H44: =IF(B44="","",IF(OR(C44="",E44=""),"Faltan datos",IF(COUNTIF(Pacientes!$A$2:$A$46,C44)=0,"Código no registrado","OK")))
A45: =IF(B45="","",ROW()-2) | B45: 46276 | C45: SIM-25 | D45: Sí | E45: Asistió | G45: Sí | H45: =IF(B45="","",IF(OR(C45="",E45=""),"Faltan datos",IF(COUNTIF(Pacientes!$A$2:$A$46,C45)=0,"Código no registrado","OK")))
A46: =IF(B46="","",ROW()-2) | B46: 46276 | C46: SIM-08 | D46: Sí | E46: Cancelada | F46: Aviso previo | G46: Sí | H46: =IF(B46="","",IF(OR(C46="",E46=""),"Faltan datos",IF(COUNTIF(Pacientes!$A$2:$A$46,C46)=0,"Código no registrado","OK")))
A47: =IF(B47="","",ROW()-2) | B47: 46276 | C47: SIM-07 | D47: Sí | E47: Cancelada | F47: Aviso previo | G47: No | H47: =IF(B47="","",IF(OR(C47="",E47=""),"Faltan datos",IF(COUNTIF(Pacientes!$A$2:$A$46,C47)=0,"Código no registrado","OK")))
A48: =IF(B48="","",ROW()-2) | B48: 46276 | C48: SIM-21 | D48: Sí | E48: Cancelada | F48: Aviso previo | G48: Sí | H48: =IF(B48="","",IF(OR(C48="",E48=""),"Faltan datos",IF(COUNTIF(Pacientes!$A$2:$A$46,C48)=0,"Código no registrado","OK")))
A49: =IF(B49="","",ROW()-2) | B49: 46276 | C49: SIM-16 | D49: Sí | E49: Asistió | G49: Sí | H49: =IF(B49="","",IF(OR(C49="",E49=""),"Faltan datos",IF(COUNTIF(Pacientes!$A$2:$A$46,C49)=0,"Código no registrado","OK")))
A50: =IF(B50="","",ROW()-2) | B50: 46276 | C50: SIM-26 | D50: Sí | E50: Reprogramada | F50: Aviso previo | G50: Sí | H50: =IF(B50="","",IF(OR(C50="",E50=""),"Faltan datos",IF(COUNTIF(Pacientes!$A$2:$A$46,C50)=0,"Código no registrado","OK")))
A51: =IF(B51="","",ROW()-2) | B51: 46276 | C51: SIM-01 | D51: Sí | E51: Cancelada | F51: Aviso previo | G51: No | H51: =IF(B51="","",IF(OR(C51="",E51=""),"Faltan datos",IF(COUNTIF(Pacientes!$A$2:$A$46,C51)=0,"Código no registrado","OK")))
A52: =IF(B52="","",ROW()-2) | B52: 46276 | C52: SIM-26 | D52: Sí | E52: Asistió | G52: Sí | H52: =IF(B52="","",IF(OR(C52="",E52=""),"Faltan datos",IF(COUNTIF(Pacientes!$A$2:$A$46,C52)=0,"Código no registrado","OK")))
A53: =IF(B53="","",ROW()-2) | B53: 46279 | C53: SIM-06 | D53: Sí | E53: No asistió | F53: Sin aviso | G53: Sí | H53: =IF(B53="","",IF(OR(C53="",E53=""),"Faltan datos",IF(COUNTIF(Pacientes!$A$2:$A$46,C53)=0,"Código no registrado","OK")))
A54: =IF(B54="","",ROW()-2) | B54: 46279 | C54: SIM-18 | D54: Sí | E54: Asistió | G54: Sí | H54: =IF(B54="","",IF(OR(C54="",E54=""),"Faltan datos",IF(COUNTIF(Pacientes!$A$2:$A$46,C54)=0,"Código no registrado","OK")))
A55: =IF(B55="","",ROW()-2) | B55: 46279 | C55: SIM-22 | D55: Sí | E55: Asistió | G55: Sí | H55: =IF(B55="","",IF(OR(C55="",E55=""),"Faltan datos",IF(COUNTIF(Pacientes!$A$2:$A$46,C55)=0,"Código no registrado","OK")))
A56: =IF(B56="","",ROW()-2) | B56: 46279 | C56: SIM-03 | D56: Sí | E56: Asistió | G56: Sí | H56: =IF(B56="","",IF(OR(C56="",E56=""),"Faltan datos",IF(COUNTIF(Pacientes!$A$2:$A$46,C56)=0,"Código no registrado","OK")))
A57: =IF(B57="","",ROW()-2) | B57: 46279 | C57: SIM-20 | D57: Sí | E57: No asistió | F57: Sin aviso | G57: Sí | H57: =IF(B57="","",IF(OR(C57="",E57=""),"Faltan datos",IF(COUNTIF(Pacientes!$A$2:$A$46,C57)=0,"Código no registrado","OK")))
A58: =IF(B58="","",ROW()-2) | B58: 46279 | C58: SIM-18 | D58: Sí | E58: No asistió | F58: Sin aviso | G58: Sí | H58: =IF(B58="","",IF(OR(C58="",E58=""),"Faltan datos",IF(COUNTIF(Pacientes!$A$2:$A$46,C58)=0,"Código no registrado","OK")))
A59: =IF(B59="","",ROW()-2) | B59: 46279 | C59: SIM-21 | D59: Sí | E59: Asistió | G59: Sí | H59: =IF(B59="","",IF(OR(C59="",E59=""),"Faltan datos",IF(COUNTIF(Pacientes!$A$2:$A$46,C59)=0,"Código no registrado","OK")))
A60: =IF(B60="","",ROW()-2) | B60: 46279 | C60: SIM-19 | D60: Sí | E60: Asistió | G60: Sí | H60: =IF(B60="","",IF(OR(C60="",E60=""),"Faltan datos",IF(COUNTIF(Pacientes!$A$2:$A$46,C60)=0,"Código no registrado","OK")))
A61: =IF(B61="","",ROW()-2) | B61: 46279 | C61: SIM-20 | D61: Sí | E61: No asistió | F61: Sin aviso | G61: Sí | H61: =IF(B61="","",IF(OR(C61="",E61=""),"Faltan datos",IF(COUNTIF(Pacientes!$A$2:$A$46,C61)=0,"Código no registrado","OK")))
A62: =IF(B62="","",ROW()-2) | B62: 46279 | C62: SIM-13 | D62: Sí | E62: No asistió | F62: Sin aviso | G62: Sí | H62: =IF(B62="","",IF(OR(C62="",E62=""),"Faltan datos",IF(COUNTIF(Pacientes!$A$2:$A$46,C62)=0,"Código no registrado","OK")))
A63: =IF(B63="","",ROW()-2) | B63: 46279 | C63: SIM-29 | D63: Sí | E63: Asistió | G63: Sí | H63: =IF(B63="","",IF(OR(C63="",E63=""),"Faltan datos",IF(COUNTIF(Pacientes!$A$2:$A$46,C63)=0,"Código no registrado","OK")))
A64: =IF(B64="","",ROW()-2) | B64: 46279 | C64: SIM-22 | D64: Sí | E64: Asistió | G64: Sí | H64: =IF(B64="","",IF(OR(C64="",E64=""),"Faltan datos",IF(COUNTIF(Pacientes!$A$2:$A$46,C64)=0,"Código no registrado","OK")))
A65: =IF(B65="","",ROW()-2) | B65: 46281 | C65: SIM-29 | D65: Sí | E65: Asistió | G65: Sí | H65: =IF(B65="","",IF(OR(C65="",E65=""),"Faltan datos",IF(COUNTIF(Pacientes!$A$2:$A$46,C65)=0,"Código no registrado","OK")))
A66: =IF(B66="","",ROW()-2) | B66: 46281 | C66: SIM-27 | D66: Sí | E66: Asistió | G66: Sí | H66: =IF(B66="","",IF(OR(C66="",E66=""),"Faltan datos",IF(COUNTIF(Pacientes!$A$2:$A$46,C66)=0,"Código no registrado","OK")))
A67: =IF(B67="","",ROW()-2) | B67: 46281 | C67: SIM-12 | D67: Sí | E67: Asistió | G67: Sí | H67: =IF(B67="","",IF(OR(C67="",E67=""),"Faltan datos",IF(COUNTIF(Pacientes!$A$2:$A$46,C67)=0,"Código no registrado","OK")))
A68: =IF(B68="","",ROW()-2) | B68: 46281 | C68: SIM-29 | D68: Sí | E68: Asistió | G68: Sí | H68: =IF(B68="","",IF(OR(C68="",E68=""),"Faltan datos",IF(COUNTIF(Pacientes!$A$2:$A$46,C68)=0,"Código no registrado","OK")))
A69: =IF(B69="","",ROW()-2) | B69: 46281 | C69: SIM-30 | D69: Sí | E69: Cancelada | F69: Aviso previo | G69: Sí | H69: =IF(B69="","",IF(OR(C69="",E69=""),"Faltan datos",IF(COUNTIF(Pacientes!$A$2:$A$46,C69)=0,"Código no registrado","OK")))
A70: =IF(B70="","",ROW()-2) | B70: 46281 | C70: SIM-29 | D70: Sí | E70: Asistió | G70: Sí | H70: =IF(B70="","",IF(OR(C70="",E70=""),"Faltan datos",IF(COUNTIF(Pacientes!$A$2:$A$46,C70)=0,"Código no registrado","OK")))
A71: =IF(B71="","",ROW()-2) | B71: 46281 | C71: SIM-24 | D71: Sí | E71: Asistió | G71: Sí | H71: =IF(B71="","",IF(OR(C71="",E71=""),"Faltan datos",IF(COUNTIF(Pacientes!$A$2:$A$46,C71)=0,"Código no registrado","OK")))
A72: =IF(B72="","",ROW()-2) | B72: 46281 | C72: SIM-17 | D72: Sí | E72: No asistió | F72: Sin aviso | G72: Sí | H72: =IF(B72="","",IF(OR(C72="",E72=""),"Faltan datos",IF(COUNTIF(Pacientes!$A$2:$A$46,C72)=0,"Código no registrado","OK")))
A73: =IF(B73="","",ROW()-2) | B73: 46281 | C73: SIM-20 | D73: Sí | E73: Reprogramada | F73: Aviso previo | G73: Sí | H73: =IF(B73="","",IF(OR(C73="",E73=""),"Faltan datos",IF(COUNTIF(Pacientes!$A$2:$A$46,C73)=0,"Código no registrado","OK")))
A74: =IF(B74="","",ROW()-2) | B74: 46281 | C74: SIM-09 | D74: Sí | E74: No asistió | F74: Sin aviso | G74: Sí | H74: =IF(B74="","",IF(OR(C74="",E74=""),"Faltan datos",IF(COUNTIF(Pacientes!$A$2:$A$46,C74)=0,"Código no registrado","OK")))
A75: =IF(B75="","",ROW()-2) | B75: 46281 | C75: SIM-29 | D75: Sí | E75: Asistió | G75: Sí | H75: =IF(B75="","",IF(OR(C75="",E75=""),"Faltan datos",IF(COUNTIF(Pacientes!$A$2:$A$46,C75)=0,"Código no registrado","OK")))
A76: =IF(B76="","",ROW()-2) | B76: 46281 | C76: SIM-03 | D76: Sí | E76: Asistió | G76: Sí | H76: =IF(B76="","",IF(OR(C76="",E76=""),"Faltan datos",IF(COUNTIF(Pacientes!$A$2:$A$46,C76)=0,"Código no registrado","OK")))
A77: =IF(B77="","",ROW()-2) | B77: 46283 | C77: SIM-09 | D77: Sí | E77: Asistió | G77: Sí | H77: =IF(B77="","",IF(OR(C77="",E77=""),"Faltan datos",IF(COUNTIF(Pacientes!$A$2:$A$46,C77)=0,"Código no registrado","OK")))
A78: =IF(B78="","",ROW()-2) | B78: 46283 | C78: SIM-05 | D78: Sí | E78: Asistió | G78: Sí | H78: =IF(B78="","",IF(OR(C78="",E78=""),"Faltan datos",IF(COUNTIF(Pacientes!$A$2:$A$46,C78)=0,"Código no registrado","OK")))
A79: =IF(B79="","",ROW()-2) | B79: 46283 | C79: SIM-21 | D79: Sí | E79: Reprogramada | F79: Aviso previo | G79: Sí | H79: =IF(B79="","",IF(OR(C79="",E79=""),"Faltan datos",IF(COUNTIF(Pacientes!$A$2:$A$46,C79)=0,"Código no registrado","OK")))
A80: =IF(B80="","",ROW()-2) | B80: 46283 | C80: SIM-08 | D80: Sí | E80: Asistió | G80: Sí | H80: =IF(B80="","",IF(OR(C80="",E80=""),"Faltan datos",IF(COUNTIF(Pacientes!$A$2:$A$46,C80)=0,"Código no registrado","OK")))
A81: =IF(B81="","",ROW()-2) | B81: 46283 | C81: SIM-18 | D81: Sí | E81: Asistió | G81: Sí | H81: =IF(B81="","",IF(OR(C81="",E81=""),"Faltan datos",IF(COUNTIF(Pacientes!$A$2:$A$46,C81)=0,"Código no registrado","OK")))
A82: =IF(B82="","",ROW()-2) | B82: 46283 | C82: SIM-19 | D82: Sí | E82: No asistió | F82: Sin aviso | G82: Sí | H82: =IF(B82="","",IF(OR(C82="",E82=""),"Faltan datos",IF(COUNTIF(Pacientes!$A$2:$A$46,C82)=0,"Código no registrado","OK")))
A83: =IF(B83="","",ROW()-2) | B83: 46283 | C83: SIM-13 | D83: Sí | E83: Asistió | G83: Sí | H83: =IF(B83="","",IF(OR(C83="",E83=""),"Faltan datos",IF(COUNTIF(Pacientes!$A$2:$A$46,C83)=0,"Código no registrado","OK")))
A84: =IF(B84="","",ROW()-2) | B84: 46283 | C84: SIM-26 | D84: Sí | E84: Asistió | G84: Sí | H84: =IF(B84="","",IF(OR(C84="",E84=""),"Faltan datos",IF(COUNTIF(Pacientes!$A$2:$A$46,C84)=0,"Código no registrado","OK")))
A85: =IF(B85="","",ROW()-2) | B85: 46283 | C85: SIM-19 | D85: Sí | E85: Asistió | G85: Sí | H85: =IF(B85="","",IF(OR(C85="",E85=""),"Faltan datos",IF(COUNTIF(Pacientes!$A$2:$A$46,C85)=0,"Código no registrado","OK")))
A86: =IF(B86="","",ROW()-2) | B86: 46283 | C86: SIM-03 | D86: Sí | E86: No asistió | F86: Sin aviso | G86: Sí | H86: =IF(B86="","",IF(OR(C86="",E86=""),"Faltan datos",IF(COUNTIF(Pacientes!$A$2:$A$46,C86)=0,"Código no registrado","OK")))
A87: =IF(B87="","",ROW()-2) | B87: 46283 | C87: SIM-11 | D87: Sí | E87: Cancelada | F87: Aviso previo | G87: Sí | H87: =IF(B87="","",IF(OR(C87="",E87=""),"Faltan datos",IF(COUNTIF(Pacientes!$A$2:$A$46,C87)=0,"Código no registrado","OK")))
A88: =IF(B88="","",ROW()-2) | B88: 46286 | C88: SIM-09 | D88: Sí | E88: Cancelada | F88: Aviso previo | G88: Sí | H88: =IF(B88="","",IF(OR(C88="",E88=""),"Faltan datos",IF(COUNTIF(Pacientes!$A$2:$A$46,C88)=0,"Código no registrado","OK")))
A89: =IF(B89="","",ROW()-2) | B89: 46286 | C89: SIM-17 | D89: Sí | E89: Reprogramada | F89: Aviso previo | G89: Sí | H89: =IF(B89="","",IF(OR(C89="",E89=""),"Faltan datos",IF(COUNTIF(Pacientes!$A$2:$A$46,C89)=0,"Código no registrado","OK")))
A90: =IF(B90="","",ROW()-2) | B90: 46286 | C90: SIM-14 | D90: Sí | E90: Asistió | G90: Sí | H90: =IF(B90="","",IF(OR(C90="",E90=""),"Faltan datos",IF(COUNTIF(Pacientes!$A$2:$A$46,C90)=0,"Código no registrado","OK")))
A91: =IF(B91="","",ROW()-2) | B91: 46286 | C91: SIM-29 | D91: Sí | E91: Asistió | G91: Sí | H91: =IF(B91="","",IF(OR(C91="",E91=""),"Faltan datos",IF(COUNTIF(Pacientes!$A$2:$A$46,C91)=0,"Código no registrado","OK")))
A92: =IF(B92="","",ROW()-2) | B92: 46286 | C92: SIM-23 | D92: Sí | E92: Asistió | G92: Sí | H92: =IF(B92="","",IF(OR(C92="",E92=""),"Faltan datos",IF(COUNTIF(Pacientes!$A$2:$A$46,C92)=0,"Código no registrado","OK")))
A93: =IF(B93="","",ROW()-2) | B93: 46286 | C93: SIM-19 | D93: Sí | E93: Asistió | G93: Sí | H93: =IF(B93="","",IF(OR(C93="",E93=""),"Faltan datos",IF(COUNTIF(Pacientes!$A$2:$A$46,C93)=0,"Código no registrado","OK")))
A94: =IF(B94="","",ROW()-2) | B94: 46286 | C94: SIM-30 | D94: Sí | E94: Asistió | G94: Sí | H94: =IF(B94="","",IF(OR(C94="",E94=""),"Faltan datos",IF(COUNTIF(Pacientes!$A$2:$A$46,C94)=0,"Código no registrado","OK")))
A95: =IF(B95="","",ROW()-2) | B95: 46286 | C95: SIM-17 | D95: Sí | E95: Reprogramada | F95: Aviso previo | G95: Sí | H95: =IF(B95="","",IF(OR(C95="",E95=""),"Faltan datos",IF(COUNTIF(Pacientes!$A$2:$A$46,C95)=0,"Código no registrado","OK")))
A96: =IF(B96="","",ROW()-2) | B96: 46286 | C96: SIM-12 | D96: Sí | E96: Asistió | G96: Sí | H96: =IF(B96="","",IF(OR(C96="",E96=""),"Faltan datos",IF(COUNTIF(Pacientes!$A$2:$A$46,C96)=0,"Código no registrado","OK")))
A97: =IF(B97="","",ROW()-2) | B97: 46286 | C97: SIM-26 | D97: Sí | E97: Asistió | G97: Sí | H97: =IF(B97="","",IF(OR(C97="",E97=""),"Faltan datos",IF(COUNTIF(Pacientes!$A$2:$A$46,C97)=0,"Código no registrado","OK")))
A98: =IF(B98="","",ROW()-2) | B98: 46286 | C98: SIM-28 | D98: Sí | E98: No asistió | F98: Sin aviso | G98: Sí | H98: =IF(B98="","",IF(OR(C98="",E98=""),"Faltan datos",IF(COUNTIF(Pacientes!$A$2:$A$46,C98)=0,"Código no registrado","OK")))
A99: =IF(B99="","",ROW()-2) | B99: 46288 | C99: SIM-16 | D99: Sí | E99: Asistió | G99: Sí | H99: =IF(B99="","",IF(OR(C99="",E99=""),"Faltan datos",IF(COUNTIF(Pacientes!$A$2:$A$46,C99)=0,"Código no registrado","OK")))
A100: =IF(B100="","",ROW()-2) | B100: 46288 | C100: SIM-02 | D100: Sí | E100: Asistió | G100: Sí | H100: =IF(B100="","",IF(OR(C100="",E100=""),"Faltan datos",IF(COUNTIF(Pacientes!$A$2:$A$46,C100)=0,"Código no registrado","OK")))
A101: =IF(B101="","",ROW()-2) | B101: 46288 | C101: SIM-11 | D101: Sí | E101: Reprogramada | F101: Aviso previo | G101: Sí | H101: =IF(B101="","",IF(OR(C101="",E101=""),"Faltan datos",IF(COUNTIF(Pacientes!$A$2:$A$46,C101)=0,"Código no registrado","OK")))
...

Sheet Consultas_PRE
A1: ID consulta | B1: Fecha | C1: Código paciente | D1: Categoría | E1: Canal | F1: Resuelta en el primer contacto | G1: Derivada a otra persona o área | H1: Tiempo de respuesta (min) | I1: Control de calidad
A2: Ej. | B2: 46237 | C2: PAC-00 | D2: Horarios | E2: Presencial | F2: Sí | G2: No | H2: 3
A3: =IF(B3="","",ROW()-2) | B3: 46237 | C3: SIM-02 | D3: Citas | E3: Presencial | F3: No | G3: Sí | H3: 6.2 | I3: =IF(B3="","",IF(OR(D3="",F3="",G3=""),"Faltan datos",IF(AND(C3<>"",COUNTIF(Pacientes!$A$2:$A$46,C3)=0),"Código no registrado",IF(AND(F3="Sí",G3="Sí"),"Contradicción: resuelta y derivada","OK"))))
A4: =IF(B4="","",ROW()-2) | B4: 46237 | D4: Otro | E4: Telefónico | F4: No | G4: Sí | H4: 8.6 | I4: =IF(B4="","",IF(OR(D4="",F4="",G4=""),"Faltan datos",IF(AND(C4<>"",COUNTIF(Pacientes!$A$2:$A$46,C4)=0),"Código no registrado",IF(AND(F4="Sí",G4="Sí"),"Contradicción: resuelta y derivada","OK"))))
A5: =IF(B5="","",ROW()-2) | B5: 46237 | C5: SIM-04 | D5: Ubicación | E5: Presencial | F5: No | G5: Sí | H5: 7.3 | I5: =IF(B5="","",IF(OR(D5="",F5="",G5=""),"Faltan datos",IF(AND(C5<>"",COUNTIF(Pacientes!$A$2:$A$46,C5)=0),"Código no registrado",IF(AND(F5="Sí",G5="Sí"),"Contradicción: resuelta y derivada","OK"))))
A6: =IF(B6="","",ROW()-2) | B6: 46237 | C6: SIM-03 | D6: Información institucional | E6: WhatsApp institucional | F6: No | G6: Sí | H6: 18.7 | I6: =IF(B6="","",IF(OR(D6="",F6="",G6=""),"Faltan datos",IF(AND(C6<>"",COUNTIF(Pacientes!$A$2:$A$46,C6)=0),"Código no registrado",IF(AND(F6="Sí",G6="Sí"),"Contradicción: resuelta y derivada","OK"))))
A7: =IF(B7="","",ROW()-2) | B7: 46237 | C7: SIM-15 | D7: Horarios | E7: Presencial | F7: No | G7: Sí | H7: 10.2 | I7: =IF(B7="","",IF(OR(D7="",F7="",G7=""),"Faltan datos",IF(AND(C7<>"",COUNTIF(Pacientes!$A$2:$A$46,C7)=0),"Código no registrado",IF(AND(F7="Sí",G7="Sí"),"Contradicción: resuelta y derivada","OK"))))
A8: =IF(B8="","",ROW()-2) | B8: 46237 | C8: SIM-26 | D8: Información institucional | E8: WhatsApp institucional | F8: Sí | G8: No | H8: 8.5 | I8: =IF(B8="","",IF(OR(D8="",F8="",G8=""),"Faltan datos",IF(AND(C8<>"",COUNTIF(Pacientes!$A$2:$A$46,C8)=0),"Código no registrado",IF(AND(F8="Sí",G8="Sí"),"Contradicción: resuelta y derivada","OK"))))
A9: =IF(B9="","",ROW()-2) | B9: 46237 | C9: SIM-22 | D9: Ubicación | E9: Telefónico | F9: No | G9: Sí | H9: 16 | I9: =IF(B9="","",IF(OR(D9="",F9="",G9=""),"Faltan datos",IF(AND(C9<>"",COUNTIF(Pacientes!$A$2:$A$46,C9)=0),"Código no registrado",IF(AND(F9="Sí",G9="Sí"),"Contradicción: resuelta y derivada","OK"))))
A10: =IF(B10="","",ROW()-2) | B10: 46237 | C10: SIM-06 | D10: Ubicación | E10: Presencial | F10: Sí | G10: No | H10: 15.3 | I10: =IF(B10="","",IF(OR(D10="",F10="",G10=""),"Faltan datos",IF(AND(C10<>"",COUNTIF(Pacientes!$A$2:$A$46,C10)=0),"Código no registrado",IF(AND(F10="Sí",G10="Sí"),"Contradicción: resuelta y derivada","OK"))))
A11: =IF(B11="","",ROW()-2) | B11: 46237 | C11: SIM-29 | D11: Citas | E11: Presencial | F11: Sí | G11: No | H11: 10.3 | I11: =IF(B11="","",IF(OR(D11="",F11="",G11=""),"Faltan datos",IF(AND(C11<>"",COUNTIF(Pacientes!$A$2:$A$46,C11)=0),"Código no registrado",IF(AND(F11="Sí",G11="Sí"),"Contradicción: resuelta y derivada","OK"))))
A12: =IF(B12="","",ROW()-2) | B12: 46239 | C12: SIM-05 | D12: Requisitos | E12: Presencial | F12: No | G12: Sí | H12: 9.6 | I12: =IF(B12="","",IF(OR(D12="",F12="",G12=""),"Faltan datos",IF(AND(C12<>"",COUNTIF(Pacientes!$A$2:$A$46,C12)=0),"Código no registrado",IF(AND(F12="Sí",G12="Sí"),"Contradicción: resuelta y derivada","OK"))))
A13: =IF(B13="","",ROW()-2) | B13: 46239 | C13: SIM-26 | D13: Citas | E13: Telefónico | F13: Sí | G13: No | H13: 19.5 | I13: =IF(B13="","",IF(OR(D13="",F13="",G13=""),"Faltan datos",IF(AND(C13<>"",COUNTIF(Pacientes!$A$2:$A$46,C13)=0),"Código no registrado",IF(AND(F13="Sí",G13="Sí"),"Contradicción: resuelta y derivada","OK"))))
A14: =IF(B14="","",ROW()-2) | B14: 46239 | C14: SIM-23 | D14: Citas | E14: WhatsApp institucional | F14: Sí | G14: No | H14: 11.8 | I14: =IF(B14="","",IF(OR(D14="",F14="",G14=""),"Faltan datos",IF(AND(C14<>"",COUNTIF(Pacientes!$A$2:$A$46,C14)=0),"Código no registrado",IF(AND(F14="Sí",G14="Sí"),"Contradicción: resuelta y derivada","OK"))))
A15: =IF(B15="","",ROW()-2) | B15: 46239 | C15: SIM-20 | D15: Otro | E15: Telefónico | F15: Sí | G15: No | H15: 12.7 | I15: =IF(B15="","",IF(OR(D15="",F15="",G15=""),"Faltan datos",IF(AND(C15<>"",COUNTIF(Pacientes!$A$2:$A$46,C15)=0),"Código no registrado",IF(AND(F15="Sí",G15="Sí"),"Contradicción: resuelta y derivada","OK"))))
A16: =IF(B16="","",ROW()-2) | B16: 46239 | D16: Seguimiento administrativo | E16: Telefónico | F16: Sí | G16: No | H16: 9.9 | I16: =IF(B16="","",IF(OR(D16="",F16="",G16=""),"Faltan datos",IF(AND(C16<>"",COUNTIF(Pacientes!$A$2:$A$46,C16)=0),"Código no registrado",IF(AND(F16="Sí",G16="Sí"),"Contradicción: resuelta y derivada","OK"))))
A17: =IF(B17="","",ROW()-2) | B17: 46239 | C17: SIM-12 | D17: Horarios | E17: Telefónico | F17: No | G17: No | H17: 10.3 | I17: =IF(B17="","",IF(OR(D17="",F17="",G17=""),"Faltan datos",IF(AND(C17<>"",COUNTIF(Pacientes!$A$2:$A$46,C17)=0),"Código no registrado",IF(AND(F17="Sí",G17="Sí"),"Contradicción: resuelta y derivada","OK"))))
A18: =IF(B18="","",ROW()-2) | B18: 46239 | C18: SIM-05 | D18: Ubicación | E18: WhatsApp institucional | F18: No | G18: Sí | H18: 14.6 | I18: =IF(B18="","",IF(OR(D18="",F18="",G18=""),"Faltan datos",IF(AND(C18<>"",COUNTIF(Pacientes!$A$2:$A$46,C18)=0),"Código no registrado",IF(AND(F18="Sí",G18="Sí"),"Contradicción: resuelta y derivada","OK"))))
A19: =IF(B19="","",ROW()-2) | B19: 46239 | C19: SIM-28 | D19: Citas | E19: Presencial | F19: Sí | G19: No | H19: 17 | I19: =IF(B19="","",IF(OR(D19="",F19="",G19=""),"Faltan datos",IF(AND(C19<>"",COUNTIF(Pacientes!$A$2:$A$46,C19)=0),"Código no registrado",IF(AND(F19="Sí",G19="Sí"),"Contradicción: resuelta y derivada","OK"))))
A20: =IF(B20="","",ROW()-2) | B20: 46239 | D20: Información institucional | E20: WhatsApp institucional | F20: Sí | G20: No | H20: 14.6 | I20: =IF(B20="","",IF(OR(D20="",F20="",G20=""),"Faltan datos",IF(AND(C20<>"",COUNTIF(Pacientes!$A$2:$A$46,C20)=0),"Código no registrado",IF(AND(F20="Sí",G20="Sí"),"Contradicción: resuelta y derivada","OK"))))
A21: =IF(B21="","",ROW()-2) | B21: 46241 | C21: SIM-10 | D21: Otro | E21: Presencial | F21: No | G21: No | H21: 14.2 | I21: =IF(B21="","",IF(OR(D21="",F21="",G21=""),"Faltan datos",IF(AND(C21<>"",COUNTIF(Pacientes!$A$2:$A$46,C21)=0),"Código no registrado",IF(AND(F21="Sí",G21="Sí"),"Contradicción: resuelta y derivada","OK"))))
A22: =IF(B22="","",ROW()-2) | B22: 46241 | C22: SIM-11 | D22: Requisitos | E22: Telefónico | F22: No | G22: Sí | H22: 6.4 | I22: =IF(B22="","",IF(OR(D22="",F22="",G22=""),"Faltan datos",IF(AND(C22<>"",COUNTIF(Pacientes!$A$2:$A$46,C22)=0),"Código no registrado",IF(AND(F22="Sí",G22="Sí"),"Contradicción: resuelta y derivada","OK"))))
A23: =IF(B23="","",ROW()-2) | B23: 46241 | C23: SIM-25 | D23: Citas | E23: Presencial | F23: No | G23: Sí | H23: 19.5 | I23: =IF(B23="","",IF(OR(D23="",F23="",G23=""),"Faltan datos",IF(AND(C23<>"",COUNTIF(Pacientes!$A$2:$A$46,C23)=0),"Código no registrado",IF(AND(F23="Sí",G23="Sí"),"Contradicción: resuelta y derivada","OK"))))
A24: =IF(B24="","",ROW()-2) | B24: 46241 | D24: Requisitos | E24: Presencial | F24: Sí | G24: No | H24: 15.8 | I24: =IF(B24="","",IF(OR(D24="",F24="",G24=""),"Faltan datos",IF(AND(C24<>"",COUNTIF(Pacientes!$A$2:$A$46,C24)=0),"Código no registrado",IF(AND(F24="Sí",G24="Sí"),"Contradicción: resuelta y derivada","OK"))))
A25: =IF(B25="","",ROW()-2) | B25: 46241 | C25: SIM-24 | D25: Otro | E25: Presencial | F25: Sí | G25: No | H25: 13 | I25: =IF(B25="","",IF(OR(D25="",F25="",G25=""),"Faltan datos",IF(AND(C25<>"",COUNTIF(Pacientes!$A$2:$A$46,C25)=0),"Código no registrado",IF(AND(F25="Sí",G25="Sí"),"Contradicción: resuelta y derivada","OK"))))
A26: =IF(B26="","",ROW()-2) | B26: 46241 | C26: SIM-12 | D26: Citas | E26: WhatsApp institucional | F26: Sí | G26: No | H26: 19.2 | I26: =IF(B26="","",IF(OR(D26="",F26="",G26=""),"Faltan datos",IF(AND(C26<>"",COUNTIF(Pacientes!$A$2:$A$46,C26)=0),"Código no registrado",IF(AND(F26="Sí",G26="Sí"),"Contradicción: resuelta y derivada","OK"))))
A27: =IF(B27="","",ROW()-2) | B27: 46241 | D27: Citas | E27: Presencial | F27: Sí | G27: No | H27: 13.2 | I27: =IF(B27="","",IF(OR(D27="",F27="",G27=""),"Faltan datos",IF(AND(C27<>"",COUNTIF(Pacientes!$A$2:$A$46,C27)=0),"Código no registrado",IF(AND(F27="Sí",G27="Sí"),"Contradicción: resuelta y derivada","OK"))))
A28: =IF(B28="","",ROW()-2) | B28: 46241 | C28: SIM-10 | D28: Ubicación | E28: Presencial | F28: Sí | G28: No | H28: 19.8 | I28: =IF(B28="","",IF(OR(D28="",F28="",G28=""),"Faltan datos",IF(AND(C28<>"",COUNTIF(Pacientes!$A$2:$A$46,C28)=0),"Código no registrado",IF(AND(F28="Sí",G28="Sí"),"Contradicción: resuelta y derivada","OK"))))
A29: =IF(B29="","",ROW()-2) | B29: 46244 | C29: SIM-23 | D29: Citas | E29: Presencial | F29: No | G29: Sí | H29: 17.7 | I29: =IF(B29="","",IF(OR(D29="",F29="",G29=""),"Faltan datos",IF(AND(C29<>"",COUNTIF(Pacientes!$A$2:$A$46,C29)=0),"Código no registrado",IF(AND(F29="Sí",G29="Sí"),"Contradicción: resuelta y derivada","OK"))))
A30: =IF(B30="","",ROW()-2) | B30: 46244 | C30: SIM-20 | D30: Requisitos | E30: Telefónico | F30: No | G30: Sí | H30: 9.3 | I30: =IF(B30="","",IF(OR(D30="",F30="",G30=""),"Faltan datos",IF(AND(C30<>"",COUNTIF(Pacientes!$A$2:$A$46,C30)=0),"Código no registrado",IF(AND(F30="Sí",G30="Sí"),"Contradicción: resuelta y derivada","OK"))))
A31: =IF(B31="","",ROW()-2) | B31: 46244 | C31: SIM-23 | D31: Seguimiento administrativo | E31: Presencial | F31: No | G31: Sí | H31: 11.9 | I31: =IF(B31="","",IF(OR(D31="",F31="",G31=""),"Faltan datos",IF(AND(C31<>"",COUNTIF(Pacientes!$A$2:$A$46,C31)=0),"Código no registrado",IF(AND(F31="Sí",G31="Sí"),"Contradicción: resuelta y derivada","OK"))))
A32: =IF(B32="","",ROW()-2) | B32: 46244 | C32: SIM-27 | D32: Seguimiento administrativo | E32: WhatsApp institucional | F32: Sí | G32: No | H32: 18.4 | I32: =IF(B32="","",IF(OR(D32="",F32="",G32=""),"Faltan datos",IF(AND(C32<>"",COUNTIF(Pacientes!$A$2:$A$46,C32)=0),"Código no registrado",IF(AND(F32="Sí",G32="Sí"),"Contradicción: resuelta y derivada","OK"))))
A33: =IF(B33="","",ROW()-2) | B33: 46244 | C33: SIM-08 | D33: Otro | E33: Presencial | F33: Sí | G33: No | H33: 9.8 | I33: =IF(B33="","",IF(OR(D33="",F33="",G33=""),"Faltan datos",IF(AND(C33<>"",COUNTIF(Pacientes!$A$2:$A$46,C33)=0),"Código no registrado",IF(AND(F33="Sí",G33="Sí"),"Contradicción: resuelta y derivada","OK"))))
A34: =IF(B34="","",ROW()-2) | B34: 46244 | C34: SIM-18 | D34: Requisitos | E34: WhatsApp institucional | F34: Sí | G34: No | H34: 7.2 | I34: =IF(B34="","",IF(OR(D34="",F34="",G34=""),"Faltan datos",IF(AND(C34<>"",COUNTIF(Pacientes!$A$2:$A$46,C34)=0),"Código no registrado",IF(AND(F34="Sí",G34="Sí"),"Contradicción: resuelta y derivada","OK"))))
A35: =IF(B35="","",ROW()-2) | B35: 46246 | C35: SIM-14 | D35: Ubicación | E35: WhatsApp institucional | F35: No | G35: No | H35: 15.3 | I35: =IF(B35="","",IF(OR(D35="",F35="",G35=""),"Faltan datos",IF(AND(C35<>"",COUNTIF(Pacientes!$A$2:$A$46,C35)=0),"Código no registrado",IF(AND(F35="Sí",G35="Sí"),"Contradicción: resuelta y derivada","OK"))))
A36: =IF(B36="","",ROW()-2) | B36: 46246 | C36: SIM-04 | D36: Citas | E36: Telefónico | F36: No | G36: Sí | H36: 5.2 | I36: =IF(B36="","",IF(OR(D36="",F36="",G36=""),"Faltan datos",IF(AND(C36<>"",COUNTIF(Pacientes!$A$2:$A$46,C36)=0),"Código no registrado",IF(AND(F36="Sí",G36="Sí"),"Contradicción: resuelta y derivada","OK"))))
A37: =IF(B37="","",ROW()-2) | B37: 46246 | D37: Ubicación | E37: WhatsApp institucional | F37: No | G37: Sí | H37: 6.6 | I37: =IF(B37="","",IF(OR(D37="",F37="",G37=""),"Faltan datos",IF(AND(C37<>"",COUNTIF(Pacientes!$A$2:$A$46,C37)=0),"Código no registrado",IF(AND(F37="Sí",G37="Sí"),"Contradicción: resuelta y derivada","OK"))))
A38: =IF(B38="","",ROW()-2) | B38: 46246 | C38: SIM-11 | D38: Seguimiento administrativo | E38: Presencial | F38: Sí | G38: No | H38: 7.2 | I38: =IF(B38="","",IF(OR(D38="",F38="",G38=""),"Faltan datos",IF(AND(C38<>"",COUNTIF(Pacientes!$A$2:$A$46,C38)=0),"Código no registrado",IF(AND(F38="Sí",G38="Sí"),"Contradicción: resuelta y derivada","OK"))))
A39: =IF(B39="","",ROW()-2) | B39: 46246 | C39: SIM-05 | D39: Citas | E39: Presencial | F39: No | G39: Sí | H39: 14 | I39: =IF(B39="","",IF(OR(D39="",F39="",G39=""),"Faltan datos",IF(AND(C39<>"",COUNTIF(Pacientes!$A$2:$A$46,C39)=0),"Código no registrado",IF(AND(F39="Sí",G39="Sí"),"Contradicción: resuelta y derivada","OK"))))
A40: =IF(B40="","",ROW()-2) | B40: 46246 | C40: SIM-02 | D40: Ubicación | E40: Presencial | F40: Sí | G40: No | H40: 16.4 | I40: =IF(B40="","",IF(OR(D40="",F40="",G40=""),"Faltan datos",IF(AND(C40<>"",COUNTIF(Pacientes!$A$2:$A$46,C40)=0),"Código no registrado",IF(AND(F40="Sí",G40="Sí"),"Contradicción: resuelta y derivada","OK"))))
A41: =IF(B41="","",ROW()-2) | B41: 46248 | C41: SIM-29 | D41: Horarios | E41: Presencial | F41: Sí | G41: No | H41: 7.6 | I41: =IF(B41="","",IF(OR(D41="",F41="",G41=""),"Faltan datos",IF(AND(C41<>"",COUNTIF(Pacientes!$A$2:$A$46,C41)=0),"Código no registrado",IF(AND(F41="Sí",G41="Sí"),"Contradicción: resuelta y derivada","OK"))))
A42: =IF(B42="","",ROW()-2) | B42: 46248 | D42: Ubicación | E42: Presencial | F42: Sí | G42: No | H42: 17.3 | I42: =IF(B42="","",IF(OR(D42="",F42="",G42=""),"Faltan datos",IF(AND(C42<>"",COUNTIF(Pacientes!$A$2:$A$46,C42)=0),"Código no registrado",IF(AND(F42="Sí",G42="Sí"),"Contradicción: resuelta y derivada","OK"))))
A43: =IF(B43="","",ROW()-2) | B43: 46248 | C43: SIM-01 | D43: Seguimiento administrativo | E43: Presencial | F43: Sí | G43: No | H43: 18.1 | I43: =IF(B43="","",IF(OR(D43="",F43="",G43=""),"Faltan datos",IF(AND(C43<>"",COUNTIF(Pacientes!$A$2:$A$46,C43)=0),"Código no registrado",IF(AND(F43="Sí",G43="Sí"),"Contradicción: resuelta y derivada","OK"))))
A44: =IF(B44="","",ROW()-2) | B44: 46248 | C44: SIM-11 | D44: Horarios | E44: Presencial | F44: No | G44: Sí | H44: 13.9 | I44: =IF(B44="","",IF(OR(D44="",F44="",G44=""),"Faltan datos",IF(AND(C44<>"",COUNTIF(Pacientes!$A$2:$A$46,C44)=0),"Código no registrado",IF(AND(F44="Sí",G44="Sí"),"Contradicción: resuelta y derivada","OK"))))
A45: =IF(B45="","",ROW()-2) | B45: 46248 | D45: Seguimiento administrativo | E45: WhatsApp institucional | F45: Sí | G45: No | H45: 12.4 | I45: =IF(B45="","",IF(OR(D45="",F45="",G45=""),"Faltan datos",IF(AND(C45<>"",COUNTIF(Pacientes!$A$2:$A$46,C45)=0),"Código no registrado",IF(AND(F45="Sí",G45="Sí"),"Contradicción: resuelta y derivada","OK"))))
A46: =IF(B46="","",ROW()-2) | B46: 46248 | C46: SIM-01 | D46: Horarios | E46: WhatsApp institucional | F46: No | G46: No | H46: 12.6 | I46: =IF(B46="","",IF(OR(D46="",F46="",G46=""),"Faltan datos",IF(AND(C46<>"",COUNTIF(Pacientes!$A$2:$A$46,C46)=0),"Código no registrado",IF(AND(F46="Sí",G46="Sí"),"Contradicción: resuelta y derivada","OK"))))
A47: =IF(B47="","",ROW()-2) | B47: 46248 | C47: SIM-13 | D47: Seguimiento administrativo | E47: WhatsApp institucional | F47: No | G47: Sí | H47: 8.1 | I47: =IF(B47="","",IF(OR(D47="",F47="",G47=""),"Faltan datos",IF(AND(C47<>"",COUNTIF(Pacientes!$A$2:$A$46,C47)=0),"Código no registrado",IF(AND(F47="Sí",G47="Sí"),"Contradicción: resuelta y derivada","OK"))))
A48: =IF(B48="","",ROW()-2) | B48: 46251 | C48: SIM-08 | D48: Requisitos | E48: WhatsApp institucional | F48: Sí | G48: No | H48: 14.9 | I48: =IF(B48="","",IF(OR(D48="",F48="",G48=""),"Faltan datos",IF(AND(C48<>"",COUNTIF(Pacientes!$A$2:$A$46,C48)=0),"Código no registrado",IF(AND(F48="Sí",G48="Sí"),"Contradicción: resuelta y derivada","OK"))))
A49: =IF(B49="","",ROW()-2) | B49: 46251 | D49: Citas | E49: WhatsApp institucional | F49: Sí | G49: No | H49: 13.4 | I49: =IF(B49="","",IF(OR(D49="",F49="",G49=""),"Faltan datos",IF(AND(C49<>"",COUNTIF(Pacientes!$A$2:$A$46,C49)=0),"Código no registrado",IF(AND(F49="Sí",G49="Sí"),"Contradicción: resuelta y derivada","OK"))))
A50: =IF(B50="","",ROW()-2) | B50: 46251 | C50: SIM-09 | D50: Ubicación | E50: Telefónico | F50: No | G50: No | H50: 13.2 | I50: =IF(B50="","",IF(OR(D50="",F50="",G50=""),"Faltan datos",IF(AND(C50<>"",COUNTIF(Pacientes!$A$2:$A$46,C50)=0),"Código no registrado",IF(AND(F50="Sí",G50="Sí"),"Contradicción: resuelta y derivada","OK"))))
A51: =IF(B51="","",ROW()-2) | B51: 46251 | C51: SIM-21 | D51: Requisitos | E51: WhatsApp institucional | F51: Sí | G51: No | H51: 18.2 | I51: =IF(B51="","",IF(OR(D51="",F51="",G51=""),"Faltan datos",IF(AND(C51<>"",COUNTIF(Pacientes!$A$2:$A$46,C51)=0),"Código no registrado",IF(AND(F51="Sí",G51="Sí"),"Contradicción: resuelta y derivada","OK"))))
A52: =IF(B52="","",ROW()-2) | B52: 46251 | C52: SIM-12 | D52: Ubicación | E52: Presencial | F52: Sí | G52: No | H52: 11 | I52: =IF(B52="","",IF(OR(D52="",F52="",G52=""),"Faltan datos",IF(AND(C52<>"",COUNTIF(Pacientes!$A$2:$A$46,C52)=0),"Código no registrado",IF(AND(F52="Sí",G52="Sí"),"Contradicción: resuelta y derivada","OK"))))
A53: =IF(B53="","",ROW()-2) | B53: 46251 | C53: SIM-14 | D53: Seguimiento administrativo | E53: Telefónico | F53: Sí | G53: No | H53: 15.2 | I53: =IF(B53="","",IF(OR(D53="",F53="",G53=""),"Faltan datos",IF(AND(C53<>"",COUNTIF(Pacientes!$A$2:$A$46,C53)=0),"Código no registrado",IF(AND(F53="Sí",G53="Sí"),"Contradicción: resuelta y derivada","OK"))))
A54: =IF(B54="","",ROW()-2) | B54: 46251 | C54: SIM-21 | D54: Citas | E54: WhatsApp institucional | F54: No | G54: No | H54: 13.8 | I54: =IF(B54="","",IF(OR(D54="",F54="",G54=""),"Faltan datos",IF(AND(C54<>"",COUNTIF(Pacientes!$A$2:$A$46,C54)=0),"Código no registrado",IF(AND(F54="Sí",G54="Sí"),"Contradicción: resuelta y derivada","OK"))))
A55: =IF(B55="","",ROW()-2) | B55: 46251 | C55: SIM-07 | D55: Requisitos | E55: Presencial | F55: Sí | G55: No | H55: 7.7 | I55: =IF(B55="","",IF(OR(D55="",F55="",G55=""),"Faltan datos",IF(AND(C55<>"",COUNTIF(Pacientes!$A$2:$A$46,C55)=0),"Código no registrado",IF(AND(F55="Sí",G55="Sí"),"Contradicción: resuelta y derivada","OK"))))
A56: =IF(B56="","",ROW()-2) | B56: 46251 | C56: SIM-11 | D56: Horarios | E56: WhatsApp institucional | F56: Sí | G56: No | H56: 9.9 | I56: =IF(B56="","",IF(OR(D56="",F56="",G56=""),"Faltan datos",IF(AND(C56<>"",COUNTIF(Pacientes!$A$2:$A$46,C56)=0),"Código no registrado",IF(AND(F56="Sí",G56="Sí"),"Contradicción: resuelta y derivada","OK"))))
A57: =IF(B57="","",ROW()-2) | B57: 46251 | C57: SIM-29 | D57: Ubicación | E57: Telefónico | F57: No | G57: Sí | H57: 14.5 | I57: =IF(B57="","",IF(OR(D57="",F57="",G57=""),"Faltan datos",IF(AND(C57<>"",COUNTIF(Pacientes!$A$2:$A$46,C57)=0),"Código no registrado",IF(AND(F57="Sí",G57="Sí"),"Contradicción: resuelta y derivada","OK"))))
A58: =IF(B58="","",ROW()-2) | B58: 46253 | C58: SIM-26 | D58: Información institucional | E58: Presencial | F58: Sí | G58: No | H58: 16.8 | I58: =IF(B58="","",IF(OR(D58="",F58="",G58=""),"Faltan datos",IF(AND(C58<>"",COUNTIF(Pacientes!$A$2:$A$46,C58)=0),"Código no registrado",IF(AND(F58="Sí",G58="Sí"),"Contradicción: resuelta y derivada","OK"))))
A59: =IF(B59="","",ROW()-2) | B59: 46253 | C59: SIM-17 | D59: Información institucional | E59: WhatsApp institucional | F59: Sí | G59: No | H59: 16.2 | I59: =IF(B59="","",IF(OR(D59="",F59="",G59=""),"Faltan datos",IF(AND(C59<>"",COUNTIF(Pacientes!$A$2:$A$46,C59)=0),"Código no registrado",IF(AND(F59="Sí",G59="Sí"),"Contradicción: resuelta y derivada","OK"))))
A60: =IF(B60="","",ROW()-2) | B60: 46253 | C60: SIM-05 | D60: Citas | E60: Telefónico | F60: Sí | G60: No | H60: 10.6 | I60: =IF(B60="","",IF(OR(D60="",F60="",G60=""),"Faltan datos",IF(AND(C60<>"",COUNTIF(Pacientes!$A$2:$A$46,C60)=0),"Código no registrado",IF(AND(F60="Sí",G60="Sí"),"Contradicción: resuelta y derivada","OK"))))
A61: =IF(B61="","",ROW()-2) | B61: 46253 | C61: SIM-12 | D61: Horarios | E61: WhatsApp institucional | F61: No | G61: No | H61: 10.7 | I61: =IF(B61="","",IF(OR(D61="",F61="",G61=""),"Faltan datos",IF(AND(C61<>"",COUNTIF(Pacientes!$A$2:$A$46,C61)=0),"Código no registrado",IF(AND(F61="Sí",G61="Sí"),"Contradicción: resuelta y derivada","OK"))))
... A66: =IF(B66="","",ROW()-2) | B66: 46255 | C66: SIM-08 | D66: Citas | E66: WhatsApp institucional | F66: Sí | G66: No | H66: 6.4 | I66: =IF(B66="","",IF(OR(D66="",F66="",G66=""),"Faltan datos",IF(AND(C66<>"",COUNTIF(Pacientes!$A$2:$A$46,C66)=0),"Código no registrado",IF(AND(F66="Sí",G66="Sí"),"Contradicción: resuelta y derivada","OK"))))
A67: =IF(B67="","",ROW()-2) | B67: 46255 | D67: Horarios | E67: Telefónico | F67: Sí | G67: No | H67: 9.9 | I67: =IF(B67="","",IF(OR(D67="",F67="",G67=""),"Faltan datos",IF(AND(C67<>"",COUNTIF(Pacientes!$A$2:$A$46,C67)=0),"Código no registrado",IF(AND(F67="Sí",G67="Sí"),"Contradicción: resuelta y derivada","OK"))))
A68: =IF(B68="","",ROW()-2) | B68: 46255 | C68: SIM-10 | D68: Horarios | E68: Telefónico | F68: No | G68: No | H68: 13.4 | I68: =IF(B68="","",IF(OR(D68="",F68="",G68=""),"Faltan datos",IF(AND(C68<>"",COUNTIF(Pacientes!$A$2:$A$46,C68)=0),"Código no registrado",IF(AND(F68="Sí",G68="Sí"),"Contradicción: resuelta y derivada","OK"))))
A69: =IF(B69="","",ROW()-2) | B69: 46255 | C69: SIM-26 | D69: Citas | E69: Presencial | F69: No | G69: Sí | H69: 19.2 | I69: =IF(B69="","",IF(OR(D69="",F69="",G69=""),"Faltan datos",IF(AND(C69<>"",COUNTIF(Pacientes!$A$2:$A$46,C69)=0),"Código no registrado",IF(AND(F69="Sí",G69="Sí"),"Contradicción: resuelta y derivada","OK"))))
A70: =IF(B70="","",ROW()-2) | B70: 46255 | C70: SIM-18 | D70: Ubicación | E70: Telefónico | F70: Sí | G70: No | H70: 8.5 | I70: =IF(B70="","",IF(OR(D70="",F70="",G70=""),"Faltan datos",IF(AND(C70<>"",COUNTIF(Pacientes!$A$2:$A$46,C70)=0),"Código no registrado",IF(AND(F70="Sí",G70="Sí"),"Contradicción: resuelta y derivada","OK"))))
A71: =IF(B71="","",ROW()-2) | B71: 46255 | C71: SIM-25 | D71: Requisitos | E71: Presencial | F71: Sí | G71: No | H71: 16.6 | I71: =IF(B71="","",IF(OR(D71="",F71="",G71=""),"Faltan datos",IF(AND(C71<>"",COUNTIF(Pacientes!$A$2:$A$46,C71)=0),"Código no registrado",IF(AND(F71="Sí",G71="Sí"),"Contradicción: resuelta y derivada","OK"))))
A72: =IF(B72="","",ROW()-2) | B72: 46255 | C72: SIM-18 | D72: Información institucional | E72: WhatsApp institucional | F72: No | G72: No | H72: 18.4 | I72: =IF(B72="","",IF(OR(D72="",F72="",G72=""),"Faltan datos",IF(AND(C72<>"",COUNTIF(Pacientes!$A$2:$A$46,C72)=0),"Código no registrado",IF(AND(F72="Sí",G72="Sí"),"Contradicción: resuelta y derivada","OK"))))
A73: =IF(B73="","",ROW()-2) | B73: 46255 | C73: SIM-07 | D73: Información institucional | E73: Telefónico | F73: Sí | G73: No | H73: 13.4 | I73: =IF(B73="","",IF(OR(D73="",F73="",G73=""),"Faltan datos",IF(AND(C73<>"",COUNTIF(Pacientes!$A$2:$A$46,C73)=0),"Código no registrado",IF(AND(F73="Sí",G73="Sí"),"Contradicción: resuelta y derivada","OK"))))
A74: =IF(B74="","",ROW()-2) | B74: 46255 | D74: Seguimiento administrativo | E74: Telefónico | F74: Sí | G74: No | H74: 6.9 | I74: =IF(B74="","",IF(OR(D74="",F74="",G74=""),"Faltan datos",IF(AND(C74<>"",COUNTIF(Pacientes!$A$2:$A$46,C74)=0),"Código no registrado",IF(AND(F74="Sí",G74="Sí"),"Contradicción: resuelta y derivada","OK"))))
A75: =IF(B75="","",ROW()-2) | B75: 46258 | C75: SIM-27 | D75: Requisitos | E75: Telefónico | F75: No | G75: Sí | H75: 19.7 | I75: =IF(B75="","",IF(OR(D75="",F75="",G75=""),"Faltan datos",IF(AND(C75<>"",COUNTIF(Pacientes!$A$2:$A$46,C75)=0),"Código no registrado",IF(AND(F75="Sí",G75="Sí"),"Contradicción: resuelta y derivada","OK"))))
A76: =IF(B76="","",ROW()-2) | B76: 46258 | C76: SIM-17 | D76: Ubicación | E76: Presencial | F76: No | G76: Sí | H76: 10.3 | I76: =IF(B76="","",IF(OR(D76="",F76="",G76=""),"Faltan datos",IF(AND(C76<>"",COUNTIF(Pacientes!$A$2:$A$46,C76)=0),"Código no registrado",IF(AND(F76="Sí",G76="Sí"),"Contradicción: resuelta y derivada","OK"))))
A77: =IF(B77="","",ROW()-2) | B77: 46258 | D77: Información institucional | E77: Presencial | F77: No | G77: Sí | H77: 14.3 | I77: =IF(B77="","",IF(OR(D77="",F77="",G77=""),"Faltan datos",IF(AND(C77<>"",COUNTIF(Pacientes!$A$2:$A$46,C77)=0),"Código no registrado",IF(AND(F77="Sí",G77="Sí"),"Contradicción: resuelta y derivada","OK"))))
A78: =IF(B78="","",ROW()-2) | B78: 46258 | C78: SIM-13 | D78: Información institucional | E78: Telefónico | F78: Sí | G78: No | H78: 15.7 | I78: =IF(B78="","",IF(OR(D78="",F78="",G78=""),"Faltan datos",IF(AND(C78<>"",COUNTIF(Pacientes!$A$2:$A$46,C78)=0),"Código no registrado",IF(AND(F78="Sí",G78="Sí"),"Contradicción: resuelta y derivada","OK"))))
A79: =IF(B79="","",ROW()-2) | B79: 46258 | C79: SIM-28 | D79: Seguimiento administrativo | E79: Presencial | F79: Sí | G79: No | H79: 14.6 | I79: =IF(B79="","",IF(OR(D79="",F79="",G79=""),"Faltan datos",IF(AND(C79<>"",COUNTIF(Pacientes!$A$2:$A$46,C79)=0),"Código no registrado",IF(AND(F79="Sí",G79="Sí"),"Contradicción: resuelta y derivada","OK"))))
A80: =IF(B80="","",ROW()-2) | B80: 46258 | C80: SIM-28 | D80: Información institucional | E80: Telefónico | F80: No | G80: Sí | H80: 12.3 | I80: =IF(B80="","",IF(OR(D80="",F80="",G80=""),"Faltan datos",IF(AND(C80<>"",COUNTIF(Pacientes!$A$2:$A$46,C80)=0),"Código no registrado",IF(AND(F80="Sí",G80="Sí"),"Contradicción: resuelta y derivada","OK"))))
A81: =IF(B81="","",ROW()-2) | B81: 46258 | C81: SIM-24 | D81: Información institucional | E81: Presencial | F81: No | G81: Sí | H81: 10 | I81: =IF(B81="","",IF(OR(D81="",F81="",G81=""),"Faltan datos",IF(AND(C81<>"",COUNTIF(Pacientes!$A$2:$A$46,C81)=0),"Código no registrado",IF(AND(F81="Sí",G81="Sí"),"Contradicción: resuelta y derivada","OK"))))
A82: =IF(B82="","",ROW()-2) | B82: 46258 | C82: SIM-10 | D82: Horarios | E82: Telefónico | F82: Sí | G82: No | H82: 14.7 | I82: =IF(B82="","",IF(OR(D82="",F82="",G82=""),"Faltan datos",IF(AND(C82<>"",COUNTIF(Pacientes!$A$2:$A$46,C82)=0),"Código no registrado",IF(AND(F82="Sí",G82="Sí"),"Contradicción: resuelta y derivada","OK"))))
A83: =IF(B83="","",ROW()-2) | B83: 46258 | C83: SIM-19 | D83: Otro | E83: Telefónico | F83: Sí | G83: No | H83: 19.4 | I83: =IF(B83="","",IF(OR(D83="",F83="",G83=""),"Faltan datos",IF(AND(C83<>"",COUNTIF(Pacientes!$A$2:$A$46,C83)=0),"Código no registrado",IF(AND(F83="Sí",G83="Sí"),"Contradicción: resuelta y derivada","OK"))))
A84: =IF(B84="","",ROW()-2) | B84: 46260 | D84: Otro | E84: WhatsApp institucional | F84: No | G84: No | H84: 19.3 | I84: =IF(B84="","",IF(OR(D84="",F84="",G84=""),"Faltan datos",IF(AND(C84<>"",COUNTIF(Pacientes!$A$2:$A$46,C84)=0),"Código no registrado",IF(AND(F84="Sí",G84="Sí"),"Contradicción: resuelta y derivada","OK"))))
A85: =IF(B85="","",ROW()-2) | B85: 46260 | C85: SIM-30 | D85: Ubicación | E85: WhatsApp institucional | F85: Sí | G85: No | H85: 9.7 | I85: =IF(B85="","",IF(OR(D85="",F85="",G85=""),"Faltan datos",IF(AND(C85<>"",COUNTIF(Pacientes!$A$2:$A$46,C85)=0),"Código no registrado",IF(AND(F85="Sí",G85="Sí"),"Contradicción: resuelta y derivada","OK"))))
A86: =IF(B86="","",ROW()-2) | B86: 46260 | C86: SIM-26 | D86: Información institucional | E86: Presencial | F86: No | G86: No | H86: 17.7 | I86: =IF(B86="","",IF(OR(D86="",F86="",G86=""),"Faltan datos",IF(AND(C86<>"",COUNTIF(Pacientes!$A$2:$A$46,C86)=0),"Código no registrado",IF(AND(F86="Sí",G86="Sí"),"Contradicción: resuelta y derivada","OK"))))
A87: =IF(B87="","",ROW()-2) | B87: 46260 | D87: Ubicación | E87: Telefónico | F87: Sí | G87: No | H87: 18.8 | I87: =IF(B87="","",IF(OR(D87="",F87="",G87=""),"Faltan datos",IF(AND(C87<>"",COUNTIF(Pacientes!$A$2:$A$46,C87)=0),"Código no registrado",IF(AND(F87="Sí",G87="Sí"),"Contradicción: resuelta y derivada","OK"))))
A88: =IF(B88="","",ROW()-2) | B88: 46260 | D88: Seguimiento administrativo | E88: WhatsApp institucional | F88: Sí | G88: No | H88: 15.9 | I88: =IF(B88="","",IF(OR(D88="",F88="",G88=""),"Faltan datos",IF(AND(C88<>"",COUNTIF(Pacientes!$A$2:$A$46,C88)=0),"Código no registrado",IF(AND(F88="Sí",G88="Sí"),"Contradicción: resuelta y derivada","OK"))))
A89: =IF(B89="","",ROW()-2) | B89: 46260 | C89: SIM-06 | D89: Información institucional | E89: WhatsApp institucional | F89: No | G89: Sí | H89: 13.8 | I89: =IF(B89="","",IF(OR(D89="",F89="",G89=""),"Faltan datos",IF(AND(C89<>"",COUNTIF(Pacientes!$A$2:$A$46,C89)=0),"Código no registrado",IF(AND(F89="Sí",G89="Sí"),"Contradicción: resuelta y derivada","OK"))))
A90: =IF(B90="","",ROW()-2) | B90: 46260 | D90: Información institucional | E90: WhatsApp institucional | F90: Sí | G90: No | H90: 19.1 | I90: =IF(B90="","",IF(OR(D90="",F90="",G90=""),"Faltan datos",IF(AND(C90<>"",COUNTIF(Pacientes!$A$2:$A$46,C90)=0),"Código no registrado",IF(AND(F90="Sí",G90="Sí"),"Contradicción: resuelta y derivada","OK"))))
A91: =IF(B91="","",ROW()-2) | B91: 46262 | C91: SIM-20 | D91: Seguimiento administrativo | E91: Telefónico | F91: Sí | G91: No | H91: 12.6 | I91: =IF(B91="","",IF(OR(D91="",F91="",G91=""),"Faltan datos",IF(AND(C91<>"",COUNTIF(Pacientes!$A$2:$A$46,C91)=0),"Código no registrado",IF(AND(F91="Sí",G91="Sí"),"Contradicción: resuelta y derivada","OK"))))
A92: =IF(B92="","",ROW()-2) | B92: 46262 | C92: SIM-12 | D92: Horarios | E92: WhatsApp institucional | F92: Sí | G92: No | H92: 10.7 | I92: =IF(B92="","",IF(OR(D92="",F92="",G92=""),"Faltan datos",IF(AND(C92<>"",COUNTIF(Pacientes!$A$2:$A$46,C92)=0),"Código no registrado",IF(AND(F92="Sí",G92="Sí"),"Contradicción: resuelta y derivada","OK"))))
A93: =IF(B93="","",ROW()-2) | B93: 46262 | C93: SIM-03 | D93: Seguimiento administrativo | E93: Telefónico | F93: Sí | G93: No | H93: 11.8 | I93: =IF(B93="","",IF(OR(D93="",F93="",G93=""),"Faltan datos",IF(AND(C93<>"",COUNTIF(Pacientes!$A$2:$A$46,C93)=0),"Código no registrado",IF(AND(F93="Sí",G93="Sí"),"Contradicción: resuelta y derivada","OK"))))
A94: =IF(B94="","",ROW()-2) | B94: 46262 | C94: SIM-27 | D94: Información institucional | E94: Presencial | F94: Sí | G94: No | H94: 8.9 | I94: =IF(B94="","",IF(OR(D94="",F94="",G94=""),"Faltan datos",IF(AND(C94<>"",COUNTIF(Pacientes!$A$2:$A$46,C94)=0),"Código no registrado",IF(AND(F94="Sí",G94="Sí"),"Contradicción: resuelta y derivada","OK"))))
A95: =IF(B95="","",ROW()-2) | B95: 46262 | C95: SIM-05 | D95: Otro | E95: Presencial | F95: Sí | G95: No | H95: 16.8 | I95: =IF(B95="","",IF(OR(D95="",F95="",G95=""),"Faltan datos",IF(AND(C95<>"",COUNTIF(Pacientes!$A$2:$A$46,C95)=0),"Código no registrado",IF(AND(F95="Sí",G95="Sí"),"Contradicción: resuelta y derivada","OK"))))
A96: =IF(B96="","",ROW()-2) | B96: 46262 | C96: SIM-13 | D96: Seguimiento administrativo | E96: Telefónico | F96: Sí | G96: No | H96: 15.7 | I96: =IF(B96="","",IF(OR(D96="",F96="",G96=""),"Faltan datos",IF(AND(C96<>"",COUNTIF(Pacientes!$A$2:$A$46,C96)=0),"Código no registrado",IF(AND(F96="Sí",G96="Sí"),"Contradicción: resuelta y derivada","OK"))))
A97: =IF(B97="","",ROW()-2) | B97: 46262 | C97: SIM-24 | D97: Seguimiento administrativo | E97: WhatsApp institucional | F97: Sí | G97: No | H97: 14.4 | I97: =IF(B97="","",IF(OR(D97="",F97="",G97=""),"Faltan datos",IF(AND(C97<>"",COUNTIF(Pacientes!$A$2:$A$46,C97)=0),"Código no registrado",IF(AND(F97="Sí",G97="Sí"),"Contradicción: resuelta y derivada","OK"))))
A98: =IF(B98="","",ROW()-2) | B98: 46262 | C98: SIM-05 | D98: Otro | E98: Presencial | F98: No | G98: Sí | H98: 19.4 | I98: =IF(B98="","",IF(OR(D98="",F98="",G98=""),"Faltan datos",IF(AND(C98<>"",COUNTIF(Pacientes!$A$2:$A$46,C98)=0),"Código no registrado",IF(AND(F98="Sí",G98="Sí"),"Contradicción: resuelta y derivada","OK"))))
A99: =IF(B99="","",ROW()-2) | B99: 46265 | C99: SIM-11 | D99: Información institucional | E99: Telefónico | F99: No | G99: Sí | H99: 14.6 | I99: =IF(B99="","",IF(OR(D99="",F99="",G99=""),"Faltan datos",IF(AND(C99<>"",COUNTIF(Pacientes!$A$2:$A$46,C99)=0),"Código no registrado",IF(AND(F99="Sí",G99="Sí"),"Contradicción: resuelta y derivada","OK"))))
A100: =IF(B100="","",ROW()-2) | B100: 46265 | C100: SIM-25 | D100: Requisitos | E100: Telefónico | F100: No | G100: Sí | H100: 15.8 | I100: =IF(B100="","",IF(OR(D100="",F100="",G100=""),"Faltan datos",IF(AND(C100<>"",COUNTIF(Pacientes!$A$2:$A$46,C100)=0),"Código no registrado",IF(AND(F100="Sí",G100="Sí"),"Contradicción: resuelta y derivada","OK"))))
A101: =IF(B101="","",ROW()-2) | B101: 46265 | C101: SIM-29 | D101: Otro | E101: Presencial | F101: No | G101: Sí | H101: 15.2 | I101: =IF(B101="","",IF(OR(D101="",F101="",G101=""),"Faltan datos",IF(AND(C101<>"",COUNTIF(Pacientes!$A$2:$A$46,C101)=0),"Código no registrado",IF(AND(F101="Sí",G101="Sí"),"Contradicción: resuelta y derivada","OK"))))
A102: =IF(B102="","",ROW()-2) | B102: 46265 | C102: SIM-08 | D102: Ubicación | E102: Telefónico | F102: No | G102: Sí | H102: 5.6 | I102: =IF(B102="","",IF(OR(D102="",F102="",G102=""),"Faltan datos",IF(AND(C102<>"",COUNTIF(Pacientes!$A$2:$A$46,C102)=0),"Código no registrado",IF(AND(F102="Sí",G102="Sí"),"Contradicción: resuelta y derivada","OK"))))
A103: =IF(B103="","",ROW()-2) | B103: 46265 | D103: Ubicación | E103: WhatsApp institucional | F103: Sí | G103: No | H103: 8.2 | I103: =IF(B103="","",IF(OR(D103="",F103="",G103=""),"Faltan datos",IF(AND(C103<>"",COUNTIF(Pacientes!$A$2:$A$46,C103)=0),"Código no registrado",IF(AND(F103="Sí",G103="Sí"),"Contradicción: resuelta y derivada","OK"))))
A104: =IF(B104="","",ROW()-2) | B104: 46265 | D104: Otro | E104: WhatsApp institucional | F104: No | G104: Sí | H104: 17.4 | I104: =IF(B104="","",IF(OR(D104="",F104="",G104=""),"Faltan datos",IF(AND(C104<>"",COUNTIF(Pacientes!$A$2:$A$46,C104)=0),"Código no registrado",IF(AND(F104="Sí",G104="Sí"),"Contradicción: resuelta y derivada","OK"))))
...

Sheet Consultas_POST
A1: ID consulta | B1: Fecha | C1: Código paciente | D1: Categoría | E1: Canal | F1: Resuelta en el primer contacto | G1: Derivada a otra persona o área | H1: Tiempo de respuesta (min) | I1: Control de calidad
A2: Ej. | B2: 46267 | C2: PAC-00 | D2: Horarios | E2: Chatbot | F2: Sí | G2: No | H2: 3
A3: =IF(B3="","",ROW()-2) | B3: 46267 | C3: SIM-06 | D3: Horarios | E3: Chatbot | F3: Sí | G3: No | H3: 1.7 | I3: =IF(B3="","",IF(OR(D3="",F3="",G3=""),"Faltan datos",IF(AND(C3<>"",COUNTIF(Pacientes!$A$2:$A$46,C3)=0),"Código no registrado",IF(AND(F3="Sí",G3="Sí"),"Contradicción: resuelta y derivada","OK"))))
A4: =IF(B4="","",ROW()-2) | B4: 46267 | C4: SIM-22 | D4: Ubicación | E4: Chatbot | F4: Sí | G4: No | H4: 0.5 | I4: =IF(B4="","",IF(OR(D4="",F4="",G4=""),"Faltan datos",IF(AND(C4<>"",COUNTIF(Pacientes!$A$2:$A$46,C4)=0),"Código no registrado",IF(AND(F4="Sí",G4="Sí"),"Contradicción: resuelta y derivada","OK"))))
A5: =IF(B5="","",ROW()-2) | B5: 46267 | C5: SIM-28 | D5: Otro | E5: Chatbot | F5: Sí | G5: No | H5: 0.3 | I5: =IF(B5="","",IF(OR(D5="",F5="",G5=""),"Faltan datos",IF(AND(C5<>"",COUNTIF(Pacientes!$A$2:$A$46,C5)=0),"Código no registrado",IF(AND(F5="Sí",G5="Sí"),"Contradicción: resuelta y derivada","OK"))))
A6: =IF(B6="","",ROW()-2) | B6: 46267 | C6: SIM-09 | D6: Ubicación | E6: Chatbot | F6: Sí | G6: No | H6: 1.8 | I6: =IF(B6="","",IF(OR(D6="",F6="",G6=""),"Faltan datos",IF(AND(C6<>"",COUNTIF(Pacientes!$A$2:$A$46,C6)=0),"Código no registrado",IF(AND(F6="Sí",G6="Sí"),"Contradicción: resuelta y derivada","OK"))))
A7: =IF(B7="","",ROW()-2) | B7: 46267 | D7: Citas | E7: Chatbot | F7: Sí | G7: No | H7: 1.9 | I7: =IF(B7="","",IF(OR(D7="",F7="",G7=""),"Faltan datos",IF(AND(C7<>"",COUNTIF(Pacientes!$A$2:$A$46,C7)=0),"Código no registrado",IF(AND(F7="Sí",G7="Sí"),"Contradicción: resuelta y derivada","OK"))))
A8: =IF(B8="","",ROW()-2) | B8: 46267 | C8: SIM-21 | D8: Citas | E8: Chatbot | F8: No | G8: No | H8: 1.4 | I8: =IF(B8="","",IF(OR(D8="",F8="",G8=""),"Faltan datos",IF(AND(C8<>"",COUNTIF(Pacientes!$A$2:$A$46,C8)=0),"Código no registrado",IF(AND(F8="Sí",G8="Sí"),"Contradicción: resuelta y derivada","OK"))))
A9: =IF(B9="","",ROW()-2) | B9: 46267 | C9: SIM-27 | D9: Citas | E9: Chatbot | F9: Sí | G9: No | H9: 1.1 | I9: =IF(B9="","",IF(OR(D9="",F9="",G9=""),"Faltan datos",IF(AND(C9<>"",COUNTIF(Pacientes!$A$2:$A$46,C9)=0),"Código no registrado",IF(AND(F9="Sí",G9="Sí"),"Contradicción: resuelta y derivada","OK"))))
A10: =IF(B10="","",ROW()-2) | B10: 46267 | C10: SIM-04 | D10: Otro | E10: Chatbot | F10: Sí | G10: No | H10: 0.3 | I10: =IF(B10="","",IF(OR(D10="",F10="",G10=""),"Faltan datos",IF(AND(C10<>"",COUNTIF(Pacientes!$A$2:$A$46,C10)=0),"Código no registrado",IF(AND(F10="Sí",G10="Sí"),"Contradicción: resuelta y derivada","OK"))))
A11: =IF(B11="","",ROW()-2) | B11: 46267 | C11: SIM-05 | D11: Requisitos | E11: Chatbot | F11: Sí | G11: No | H11: 1.4 | I11: =IF(B11="","",IF(OR(D11="",F11="",G11=""),"Faltan datos",IF(AND(C11<>"",COUNTIF(Pacientes!$A$2:$A$46,C11)=0),"Código no registrado",IF(AND(F11="Sí",G11="Sí"),"Contradicción: resuelta y derivada","OK"))))
A12: =IF(B12="","",ROW()-2) | B12: 46267 | D12: Otro | E12: Chatbot | F12: Sí | G12: No | H12: 1.2 | I12: =IF(B12="","",IF(OR(D12="",F12="",G12=""),"Faltan datos",IF(AND(C12<>"",COUNTIF(Pacientes!$A$2:$A$46,C12)=0),"Código no registrado",IF(AND(F12="Sí",G12="Sí"),"Contradicción: resuelta y derivada","OK"))))
A13: =IF(B13="","",ROW()-2) | B13: 46269 | C13: SIM-28 | D13: Citas | E13: Chatbot | F13: Sí | G13: No | H13: 1 | I13: =IF(B13="","",IF(OR(D13="",F13="",G13=""),"Faltan datos",IF(AND(C13<>"",COUNTIF(Pacientes!$A$2:$A$46,C13)=0),"Código no registrado",IF(AND(F13="Sí",G13="Sí"),"Contradicción: resuelta y derivada","OK"))))
A14: =IF(B14="","",ROW()-2) | B14: 46269 | C14: SIM-21 | D14: Citas | E14: Chatbot | F14: Sí | G14: No | H14: 0.9 | I14: =IF(B14="","",IF(OR(D14="",F14="",G14=""),"Faltan datos",IF(AND(C14<>"",COUNTIF(Pacientes!$A$2:$A$46,C14)=0),"Código no registrado",IF(AND(F14="Sí",G14="Sí"),"Contradicción: resuelta y derivada","OK"))))
A15: =IF(B15="","",ROW()-2) | B15: 46269 | C15: SIM-28 | D15: Ubicación | E15: Chatbot | F15: No | G15: Sí | H15: 0.4 | I15: =IF(B15="","",IF(OR(D15="",F15="",G15=""),"Faltan datos",IF(AND(C15<>"",COUNTIF(Pacientes!$A$2:$A$46,C15)=0),"Código no registrado",IF(AND(F15="Sí",G15="Sí"),"Contradicción: resuelta y derivada","OK"))))
A16: =IF(B16="","",ROW()-2) | B16: 46269 | C16: SIM-17 | D16: Requisitos | E16: Chatbot | F16: Sí | G16: No | H16: 0.4 | I16: =IF(B16="","",IF(OR(D16="",F16="",G16=""),"Faltan datos",IF(AND(C16<>"",COUNTIF(Pacientes!$A$2:$A$46,C16)=0),"Código no registrado",IF(AND(F16="Sí",G16="Sí"),"Contradicción: resuelta y derivada","OK"))))
A17: =IF(B17="","",ROW()-2) | B17: 46269 | C17: SIM-24 | D17: Seguimiento administrativo | E17: Chatbot | F17: Sí | G17: No | H17: 0.7 | I17: =IF(B17="","",IF(OR(D17="",F17="",G17=""),"Faltan datos",IF(AND(C17<>"",COUNTIF(Pacientes!$A$2:$A$46,C17)=0),"Código no registrado",IF(AND(F17="Sí",G17="Sí"),"Contradicción: resuelta y derivada","OK"))))
A18: =IF(B18="","",ROW()-2) | B18: 46269 | C18: SIM-29 | D18: Otro | E18: Chatbot | F18: Sí | G18: No | H18: 0.5 | I18: =IF(B18="","",IF(OR(D18="",F18="",G18=""),"Faltan datos",IF(AND(C18<>"",COUNTIF(Pacientes!$A$2:$A$46,C18)=0),"Código no registrado",IF(AND(F18="Sí",G18="Sí"),"Contradicción: resuelta y derivada","OK"))))
A19: =IF(B19="","",ROW()-2) | B19: 46269 | C19: SIM-07 | D19: Citas | E19: Chatbot | F19: Sí | G19: No | H19: 1.7 | I19: =IF(B19="","",IF(OR(D19="",F19="",G19=""),"Faltan datos",IF(AND(C19<>"",COUNTIF(Pacientes!$A$2:$A$46,C19)=0),"Código no registrado",IF(AND(F19="Sí",G19="Sí"),"Contradicción: resuelta y derivada","OK"))))
A20: =IF(B20="","",ROW()-2) | B20: 46269 | C20: SIM-29 | D20: Horarios | E20: Chatbot | F20: Sí | G20: No | H20: 0.2 | I20: =IF(B20="","",IF(OR(D20="",F20="",G20=""),"Faltan datos",IF(AND(C20<>"",COUNTIF(Pacientes!$A$2:$A$46,C20)=0),"Código no registrado",IF(AND(F20="Sí",G20="Sí"),"Contradicción: resuelta y derivada","OK"))))
A21: =IF(B21="","",ROW()-2) | B21: 46269 | C21: SIM-14 | D21: Ubicación | E21: Chatbot | F21: No | G21: Sí | H21: 0.4 | I21: =IF(B21="","",IF(OR(D21="",F21="",G21=""),"Faltan datos",IF(AND(C21<>"",COUNTIF(Pacientes!$A$2:$A$46,C21)=0),"Código no registrado",IF(AND(F21="Sí",G21="Sí"),"Contradicción: resuelta y derivada","OK"))))
A22: =IF(B22="","",ROW()-2) | B22: 46272 | C22: SIM-13 | D22: Seguimiento administrativo | E22: Chatbot | F22: No | G22: Sí | H22: 1.1 | I22: =IF(B22="","",IF(OR(D22="",F22="",G22=""),"Faltan datos",IF(AND(C22<>"",COUNTIF(Pacientes!$A$2:$A$46,C22)=0),"Código no registrado",IF(AND(F22="Sí",G22="Sí"),"Contradicción: resuelta y derivada","OK"))))
A23: =IF(B23="","",ROW()-2) | B23: 46272 | C23: SIM-19 | D23: Requisitos | E23: Chatbot | F23: No | G23: No | H23: 0.3 | I23: =IF(B23="","",IF(OR(D23="",F23="",G23=""),"Faltan datos",IF(AND(C23<>"",COUNTIF(Pacientes!$A$2:$A$46,C23)=0),"Código no registrado",IF(AND(F23="Sí",G23="Sí"),"Contradicción: resuelta y derivada","OK"))))
A24: =IF(B24="","",ROW()-2) | B24: 46272 | C24: SIM-03 | D24: Seguimiento administrativo | E24: Chatbot | F24: Sí | G24: No | H24: 0.6 | I24: =IF(B24="","",IF(OR(D24="",F24="",G24=""),"Faltan datos",IF(AND(C24<>"",COUNTIF(Pacientes!$A$2:$A$46,C24)=0),"Código no registrado",IF(AND(F24="Sí",G24="Sí"),"Contradicción: resuelta y derivada","OK"))))
... A29: =IF(B29="","",ROW()-2) | B29: 46272 | C29: SIM-28 | D29: Información institucional | E29: Chatbot | F29: Sí | G29: No | H29: 0.3 | I29: =IF(B29="","",IF(OR(D29="",F29="",G29=""),"Faltan datos",IF(AND(C29<>"",COUNTIF(Pacientes!$A$2:$A$46,C29)=0),"Código no registrado",IF(AND(F29="Sí",G29="Sí"),"Contradicción: resuelta y derivada","OK"))))
A30: =IF(B30="","",ROW()-2) | B30: 46272 | D30: Citas | E30: Chatbot | F30: Sí | G30: No | H30: 1.6 | I30: =IF(B30="","",IF(OR(D30="",F30="",G30=""),"Faltan datos",IF(AND(C30<>"",COUNTIF(Pacientes!$A$2:$A$46,C30)=0),"Código no registrado",IF(AND(F30="Sí",G30="Sí"),"Contradicción: resuelta y derivada","OK"))))
A31: =IF(B31="","",ROW()-2) | B31: 46274 | C31: SIM-25 | D31: Ubicación | E31: Chatbot | F31: Sí | G31: No | H31: 1.8 | I31: =IF(B31="","",IF(OR(D31="",F31="",G31=""),"Faltan datos",IF(AND(C31<>"",COUNTIF(Pacientes!$A$2:$A$46,C31)=0),"Código no registrado",IF(AND(F31="Sí",G31="Sí"),"Contradicción: resuelta y derivada","OK"))))
A32: =IF(B32="","",ROW()-2) | B32: 46274 | D32: Citas | E32: Chatbot | F32: No | G32: Sí | H32: 0.6 | I32: =IF(B32="","",IF(OR(D32="",F32="",G32=""),"Faltan datos",IF(AND(C32<>"",COUNTIF(Pacientes!$A$2:$A$46,C32)=0),"Código no registrado",IF(AND(F32="Sí",G32="Sí"),"Contradicción: resuelta y derivada","OK"))))
A33: =IF(B33="","",ROW()-2) | B33: 46274 | C33: SIM-23 | D33: Ubicación | E33: Chatbot | F33: Sí | G33: No | H33: 1.1 | I33: =IF(B33="","",IF(OR(D33="",F33="",G33=""),"Faltan datos",IF(AND(C33<>"",COUNTIF(Pacientes!$A$2:$A$46,C33)=0),"Código no registrado",IF(AND(F33="Sí",G33="Sí"),"Contradicción: resuelta y derivada","OK"))))
A34: =IF(B34="","",ROW()-2) | B34: 46274 | C34: SIM-07 | D34: Horarios | E34: Chatbot | F34: Sí | G34: No | H34: 0.9 | I34: =IF(B34="","",IF(OR(D34="",F34="",G34=""),"Faltan datos",IF(AND(C34<>"",COUNTIF(Pacientes!$A$2:$A$46,C34)=0),"Código no registrado",IF(AND(F34="Sí",G34="Sí"),"Contradicción: resuelta y derivada","OK"))))
A35: =IF(B35="","",ROW()-2) | B35: 46274 | C35: SIM-10 | D35: Requisitos | E35: Chatbot | F35: Sí | G35: No | H35: 1.3 | I35: =IF(B35="","",IF(OR(D35="",F35="",G35=""),"Faltan datos",IF(AND(C35<>"",COUNTIF(Pacientes!$A$2:$A$46,C35)=0),"Código no registrado",IF(AND(F35="Sí",G35="Sí"),"Contradicción: resuelta y derivada","OK"))))
A36: =IF(B36="","",ROW()-2) | B36: 46274 | C36: SIM-07 | D36: Información institucional | E36: Chatbot | F36: No | G36: No | H36: 0.7 | I36: =IF(B36="","",IF(OR(D36="",F36="",G36=""),"Faltan datos",IF(AND(C36<>"",COUNTIF(Pacientes!$A$2:$A$46,C36)=0),"Código no registrado",IF(AND(F36="Sí",G36="Sí"),"Contradicción: resuelta y derivada","OK"))))
A37: =IF(B37="","",ROW()-2) | B37: 46274 | C37: SIM-07 | D37: Horarios | E37: Chatbot | F37: Sí | G37: No | H37: 1 | I37: =IF(B37="","",IF(OR(D37="",F37="",G37=""),"Faltan datos",IF(AND(C37<>"",COUNTIF(Pacientes!$A$2:$A$46,C37)=0),"Código no registrado",IF(AND(F37="Sí",G37="Sí"),"Contradicción: resuelta y derivada","OK"))))
A38: =IF(B38="","",ROW()-2) | B38: 46274 | C38: SIM-22 | D38: Horarios | E38: Chatbot | F38: Sí | G38: No | H38: 1.6 | I38: =IF(B38="","",IF(OR(D38="",F38="",G38=""),"Faltan datos",IF(AND(C38<>"",COUNTIF(Pacientes!$A$2:$A$46,C38)=0),"Código no registrado",IF(AND(F38="Sí",G38="Sí"),"Contradicción: resuelta y derivada","OK"))))
A39: =IF(B39="","",ROW()-2) | B39: 46274 | C39: SIM-08 | D39: Horarios | E39: Chatbot | F39: Sí | G39: No | H39: 0.4 | I39: =IF(B39="","",IF(OR(D39="",F39="",G39=""),"Faltan datos",IF(AND(C39<>"",COUNTIF(Pacientes!$A$2:$A$46,C39)=0),"Código no registrado",IF(AND(F39="Sí",G39="Sí"),"Contradicción: resuelta y derivada","OK"))))
A40: =IF(B40="","",ROW()-2) | B40: 46274 | C40: SIM-20 | D40: Ubicación | E40: Chatbot | F40: Sí | G40: No | H40: 0.8 | I40: =IF(B40="","",IF(OR(D40="",F40="",G40=""),"Faltan datos",IF(AND(C40<>"",COUNTIF(Pacientes!$A$2:$A$46,C40)=0),"Código no registrado",IF(AND(F40="Sí",G40="Sí"),"Contradicción: resuelta y derivada","OK"))))
A41: =IF(B41="","",ROW()-2) | B41: 46274 | C41: SIM-19 | D41: Ubicación | E41: Chatbot | F41: Sí | G41: No | H41: 1.6 | I41: =IF(B41="","",IF(OR(D41="",F41="",G41=""),"Faltan datos",IF(AND(C41<>"",COUNTIF(Pacientes!$A$2:$A$46,C41)=0),"Código no registrado",IF(AND(F41="Sí",G41="Sí"),"Contradicción: resuelta y derivada","OK"))))
A42: =IF(B42="","",ROW()-2) | B42: 46274 | C42: SIM-01 | D42: Ubicación | E42: Chatbot | F42: No | G42: Sí | H42: 0.7 | I42: =IF(B42="","",IF(OR(D42="",F42="",G42=""),"Faltan datos",IF(AND(C42<>"",COUNTIF(Pacientes!$A$2:$A$46,C42)=0),"Código no registrado",IF(AND(F42="Sí",G42="Sí"),"Contradicción: resuelta y derivada","OK"))))
A43: =IF(B43="","",ROW()-2) | B43: 46276 | C43: SIM-14 | D43: Información institucional | E43: Chatbot | F43: Sí | G43: No | H43: 0.7 | I43: =IF(B43="","",IF(OR(D43="",F43="",G43=""),"Faltan datos",IF(AND(C43<>"",COUNTIF(Pacientes!$A$2:$A$46,C43)=0),"Código no registrado",IF(AND(F43="Sí",G43="Sí"),"Contradicción: resuelta y derivada","OK"))))
A44: =IF(B44="","",ROW()-2) | B44: 46276 | C44: SIM-28 | D44: Ubicación | E44: Chatbot | F44: Sí | G44: No | H44: 1.8 | I44: =IF(B44="","",IF(OR(D44="",F44="",G44=""),"Faltan datos",IF(AND(C44<>"",COUNTIF(Pacientes!$A$2:$A$46,C44)=0),"Código no registrado",IF(AND(F44="Sí",G44="Sí"),"Contradicción: resuelta y derivada","OK"))))
... A50: =IF(B50="","",ROW()-2) | B50: 46276 | C50: SIM-15 | D50: Otro | E50: Chatbot | F50: Sí | G50: No | H50: 1.5 | I50: =IF(B50="","",IF(OR(D50="",F50="",G50=""),"Faltan datos",IF(AND(C50<>"",COUNTIF(Pacientes!$A$2:$A$46,C50)=0),"Código no registrado",IF(AND(F50="Sí",G50="Sí"),"Contradicción: resuelta y derivada","OK"))))
A51: =IF(B51="","",ROW()-2) | B51: 46276 | D51: Seguimiento administrativo | E51: Chatbot | F51: Sí | G51: No | H51: 1.4 | I51: =IF(B51="","",IF(OR(D51="",F51="",G51=""),"Faltan datos",IF(AND(C51<>"",COUNTIF(Pacientes!$A$2:$A$46,C51)=0),"Código no registrado",IF(AND(F51="Sí",G51="Sí"),"Contradicción: resuelta y derivada","OK"))))
A52: =IF(B52="","",ROW()-2) | B52: 46276 | C52: SIM-25 | D52: Requisitos | E52: Chatbot | F52: Sí | G52: No | H52: 1.3 | I52: =IF(B52="","",IF(OR(D52="",F52="",G52=""),"Faltan datos",IF(AND(C52<>"",COUNTIF(Pacientes!$A$2:$A$46,C52)=0),"Código no registrado",IF(AND(F52="Sí",G52="Sí"),"Contradicción: resuelta y derivada","OK"))))
A53: =IF(B53="","",ROW()-2) | B53: 46276 | D53: Otro | E53: Chatbot | F53: Sí | G53: No | H53: 0.3 | I53: =IF(B53="","",IF(OR(D53="",F53="",G53=""),"Faltan datos",IF(AND(C53<>"",COUNTIF(Pacientes!$A$2:$A$46,C53)=0),"Código no registrado",IF(AND(F53="Sí",G53="Sí"),"Contradicción: resuelta y derivada","OK"))))
A54: =IF(B54="","",ROW()-2) | B54: 46276 | D54: Horarios | E54: Chatbot | F54: Sí | G54: No | H54: 0.4 | I54: =IF(B54="","",IF(OR(D54="",F54="",G54=""),"Faltan datos",IF(AND(C54<>"",COUNTIF(Pacientes!$A$2:$A$46,C54)=0),"Código no registrado",IF(AND(F54="Sí",G54="Sí"),"Contradicción: resuelta y derivada","OK"))))
A55: =IF(B55="","",ROW()-2) | B55: 46276 | D55: Ubicación | E55: Chatbot | F55: Sí | G55: No | H55: 1.9 | I55: =IF(B55="","",IF(OR(D55="",F55="",G55=""),"Faltan datos",IF(AND(C55<>"",COUNTIF(Pacientes!$A$2:$A$46,C55)=0),"Código no registrado",IF(AND(F55="Sí",G55="Sí"),"Contradicción: resuelta y derivada","OK"))))
A56: =IF(B56="","",ROW()-2) | B56: 46279 | C56: SIM-10 | D56: Horarios | E56: Chatbot | F56: Sí | G56: No | H56: 0.5 | I56: =IF(B56="","",IF(OR(D56="",F56="",G56=""),"Faltan datos",IF(AND(C56<>"",COUNTIF(Pacientes!$A$2:$A$46,C56)=0),"Código no registrado",IF(AND(F56="Sí",G56="Sí"),"Contradicción: resuelta y derivada","OK"))))
A57: =IF(B57="","",ROW()-2) | B57: 46279 | C57: SIM-07 | D57: Ubicación | E57: Chatbot | F57: Sí | G57: No | H57: 0.6 | I57: =IF(B57="","",IF(OR(D57="",F57="",G57=""),"Faltan datos",IF(AND(C57<>"",COUNTIF(Pacientes!$A$2:$A$46,C57)=0),"Código no registrado",IF(AND(F57="Sí",G57="Sí"),"Contradicción: resuelta y derivada","OK"))))
A58: =IF(B58="","",ROW()-2) | B58: 46279 | C58: SIM-16 | D58: Ubicación | E58: Chatbot | F58: No | G58: Sí | H58: 0.3 | I58: =IF(B58="","",IF(OR(D58="",F58="",G58=""),"Faltan datos",IF(AND(C58<>"",COUNTIF(Pacientes!$A$2:$A$46,C58)=0),"Código no registrado",IF(AND(F58="Sí",G58="Sí"),"Contradicción: resuelta y derivada","OK"))))
A59: =IF(B59="","",ROW()-2) | B59: 46279 | C59: SIM-19 | D59: Ubicación | E59: Chatbot | F59: Sí | G59: No | H59: 1.3 | I59: =IF(B59="","",IF(OR(D59="",F59="",G59=""),"Faltan datos",IF(AND(C59<>"",COUNTIF(Pacientes!$A$2:$A$46,C59)=0),"Código no registrado",IF(AND(F59="Sí",G59="Sí"),"Contradicción: resuelta y derivada","OK"))))
A60: =IF(B60="","",ROW()-2) | B60: 46279 | D60: Información institucional | E60: Chatbot | F60: Sí | G60: No | H60: 0.4 | I60: =IF(B60="","",IF(OR(D60="",F60="",G60=""),"Faltan datos",IF(AND(C60<>"",COUNTIF(Pacientes!$A$2:$A$46,C60)=0),"Código no registrado",IF(AND(F60="Sí",G60="Sí"),"Contradicción: resuelta y derivada","OK"))))
A61: =IF(B61="","",ROW()-2) | B61: 46279 | D61: Requisitos | E61: Chatbot | F61: No | G61: Sí | H61: 0.7 | I61: =IF(B61="","",IF(OR(D61="",F61="",G61=""),"Faltan datos",IF(AND(C61<>"",COUNTIF(Pacientes!$A$2:$A$46,C61)=0),"Código no registrado",IF(AND(F61="Sí",G61="Sí"),"Contradicción: resuelta y derivada","OK"))))
A62: =IF(B62="","",ROW()-2) | B62: 46279 | D62: Horarios | E62: Chatbot | F62: Sí | G62: No | H62: 0.7 | I62: =IF(B62="","",IF(OR(D62="",F62="",G62=""),"Faltan datos",IF(AND(C62<>"",COUNTIF(Pacientes!$A$2:$A$46,C62)=0),"Código no registrado",IF(AND(F62="Sí",G62="Sí"),"Contradicción: resuelta y derivada","OK"))))
A63: =IF(B63="","",ROW()-2) | B63: 46279 | C63: SIM-19 | D63: Otro | E63: Chatbot | F63: Sí | G63: No | H63: 1.2 | I63: =IF(B63="","",IF(OR(D63="",F63="",G63=""),"Faltan datos",IF(AND(C63<>"",COUNTIF(Pacientes!$A$2:$A$46,C63)=0),"Código no registrado",IF(AND(F63="Sí",G63="Sí"),"Contradicción: resuelta y derivada","OK"))))
A64: =IF(B64="","",ROW()-2) | B64: 46279 | C64: SIM-08 | D64: Ubicación | E64: Chatbot | F64: Sí | G64: No | H64: 1.1 | I64: =IF(B64="","",IF(OR(D64="",F64="",G64=""),"Faltan datos",IF(AND(C64<>"",COUNTIF(Pacientes!$A$2:$A$46,C64)=0),"Código no registrado",IF(AND(F64="Sí",G64="Sí"),"Contradicción: resuelta y derivada","OK"))))
A65: =IF(B65="","",ROW()-2) | B65: 46281 | C65: SIM-07 | D65: Otro | E65: Chatbot | F65: Sí | G65: No | H65: 1.3 | I65: =IF(B65="","",IF(OR(D65="",F65="",G65=""),"Faltan datos",IF(AND(C65<>"",COUNTIF(Pacientes!$A$2:$A$46,C65)=0),"Código no registrado",IF(AND(F65="Sí",G65="Sí"),"Contradicción: resuelta y derivada","OK"))))
A66: =IF(B66="","",ROW()-2) | B66: 46281 | C66: SIM-01 | D66: Información institucional | E66: Chatbot | F66: No | G66: Sí | H66: 0.7 | I66: =IF(B66="","",IF(OR(D66="",F66="",G66=""),"Faltan datos",IF(AND(C66<>"",COUNTIF(Pacientes!$A$2:$A$46,C66)=0),"Código no registrado",IF(AND(F66="Sí",G66="Sí"),"Contradicción: resuelta y derivada","OK"))))
A67: =IF(B67="","",ROW()-2) | B67: 46281 | C67: SIM-12 | D67: Información institucional | E67: Chatbot | F67: Sí | G67: No | H67: 1.7 | I67: =IF(B67="","",IF(OR(D67="",F67="",G67=""),"Faltan datos",IF(AND(C67<>"",COUNTIF(Pacientes!$A$2:$A$46,C67)=0),"Código no registrado",IF(AND(F67="Sí",G67="Sí"),"Contradicción: resuelta y derivada","OK"))))
A68: =IF(B68="","",ROW()-2) | B68: 46281 | D68: Información institucional | E68: Chatbot | F68: Sí | G68: No | H68: 0.7 | I68: =IF(B68="","",IF(OR(D68="",F68="",G68=""),"Faltan datos",IF(AND(C68<>"",COUNTIF(Pacientes!$A$2:$A$46,C68)=0),"Código no registrado",IF(AND(F68="Sí",G68="Sí"),"Contradicción: resuelta y derivada","OK"))))
A69: =IF(B69="","",ROW()-2) | B69: 46281 | C69: SIM-08 | D69: Seguimiento administrativo | E69: Chatbot | F69: Sí | G69: No | H69: 1.6 | I69: =IF(B69="","",IF(OR(D69="",F69="",G69=""),"Faltan datos",IF(AND(C69<>"",COUNTIF(Pacientes!$A$2:$A$46,C69)=0),"Código no registrado",IF(AND(F69="Sí",G69="Sí"),"Contradicción: resuelta y derivada","OK"))))
A70: =IF(B70="","",ROW()-2) | B70: 46281 | C70: SIM-04 | D70: Información institucional | E70: Chatbot | F70: Sí | G70: No | H70: 0.9 | I70: =IF(B70="","",IF(OR(D70="",F70="",G70=""),"Faltan datos",IF(AND(C70<>"",COUNTIF(Pacientes!$A$2:$A$46,C70)=0),"Código no registrado",IF(AND(F70="Sí",G70="Sí"),"Contradicción: resuelta y derivada","OK"))))
A71: =IF(B71="","",ROW()-2) | B71: 46281 | C71: SIM-26 | D71: Seguimiento administrativo | E71: Chatbot | F71: Sí | G71: No | H71: 0.8 | I71: =IF(B71="","",IF(OR(D71="",F71="",G71=""),"Faltan datos",IF(AND(C71<>"",COUNTIF(Pacientes!$A$2:$A$46,C71)=0),"Código no registrado",IF(AND(F71="Sí",G71="Sí"),"Contradicción: resuelta y derivada","OK"))))
A72: =IF(B72="","",ROW()-2) | B72: 46281 | C72: SIM-19 | D72: Seguimiento administrativo | E72: Chatbot | F72: No | G72: Sí | H72: 0.5 | I72: =IF(B72="","",IF(OR(D72="",F72="",G72=""),"Faltan datos",IF(AND(C72<>"",COUNTIF(Pacientes!$A$2:$A$46,C72)=0),"Código no registrado",IF(AND(F72="Sí",G72="Sí"),"Contradicción: resuelta y derivada","OK"))))
A73: =IF(B73="","",ROW()-2) | B73: 46281 | C73: SIM-08 | D73: Citas | E73: Chatbot | F73: Sí | G73: No | H73: 1.8 | I73: =IF(B73="","",IF(OR(D73="",F73="",G73=""),"Faltan datos",IF(AND(C73<>"",COUNTIF(Pacientes!$A$2:$A$46,C73)=0),"Código no registrado",IF(AND(F73="Sí",G73="Sí"),"Contradicción: resuelta y derivada","OK"))))
A74: =IF(B74="","",ROW()-2) | B74: 46281 | C74: SIM-21 | D74: Horarios | E74: Chatbot | F74: Sí | G74: No | H74: 1.3 | I74: =IF(B74="","",IF(OR(D74="",F74="",G74=""),"Faltan datos",IF(AND(C74<>"",COUNTIF(Pacientes!$A$2:$A$46,C74)=0),"Código no registrado",IF(AND(F74="Sí",G74="Sí"),"Contradicción: resuelta y derivada","OK"))))
A75: =IF(B75="","",ROW()-2) | B75: 46281 | C75: SIM-17 | D75: Requisitos | E75: Chatbot | F75: No | G75: Sí | H75: 0.4 | I75: =IF(B75="","",IF(OR(D75="",F75="",G75=""),"Faltan datos",IF(AND(C75<>"",COUNTIF(Pacientes!$A$2:$A$46,C75)=0),"Código no registrado",IF(AND(F75="Sí",G75="Sí"),"Contradicción: resuelta y derivada","OK"))))
A76: =IF(B76="","",ROW()-2) | B76: 46281 | D76: Información institucional | E76: Chatbot | F76: Sí | G76: No | H76: 1.1 | I76: =IF(B76="","",IF(OR(D76="",F76="",G76=""),"Faltan datos",IF(AND(C76<>"",COUNTIF(Pacientes!$A$2:$A$46,C76)=0),"Código no registrado",IF(AND(F76="Sí",G76="Sí"),"Contradicción: resuelta y derivada","OK"))))
A77: =IF(B77="","",ROW()-2) | B77: 46283 | C77: SIM-13 | D77: Otro | E77: Chatbot | F77: Sí | G77: No | H77: 1.5 | I77: =IF(B77="","",IF(OR(D77="",F77="",G77=""),"Faltan datos",IF(AND(C77<>"",COUNTIF(Pacientes!$A$2:$A$46,C77)=0),"Código no registrado",IF(AND(F77="Sí",G77="Sí"),"Contradicción: resuelta y derivada","OK"))))
A78: =IF(B78="","",ROW()-2) | B78: 46283 | C78: SIM-09 | D78: Citas | E78: Chatbot | F78: Sí | G78: No | H78: 1.2 | I78: =IF(B78="","",IF(OR(D78="",F78="",G78=""),"Faltan datos",IF(AND(C78<>"",COUNTIF(Pacientes!$A$2:$A$46,C78)=0),"Código no registrado",IF(AND(F78="Sí",G78="Sí"),"Contradicción: resuelta y derivada","OK"))))
A79: =IF(B79="","",ROW()-2) | B79: 46283 | C79: SIM-26 | D79: Información institucional | E79: Chatbot | F79: Sí | G79: No | H79: 1.4 | I79: =IF(B79="","",IF(OR(D79="",F79="",G79=""),"Faltan datos",IF(AND(C79<>"",COUNTIF(Pacientes!$A$2:$A$46,C79)=0),"Código no registrado",IF(AND(F79="Sí",G79="Sí"),"Contradicción: resuelta y derivada","OK"))))
A80: =IF(B80="","",ROW()-2) | B80: 46283 | C80: SIM-15 | D80: Horarios | E80: Chatbot | F80: Sí | G80: No | H80: 1.5 | I80: =IF(B80="","",IF(OR(D80="",F80="",G80=""),"Faltan datos",IF(AND(C80<>"",COUNTIF(Pacientes!$A$2:$A$46,C80)=0),"Código no registrado",IF(AND(F80="Sí",G80="Sí"),"Contradicción: resuelta y derivada","OK"))))
A81: =IF(B81="","",ROW()-2) | B81: 46283 | C81: SIM-08 | D81: Información institucional | E81: Chatbot | F81: Sí | G81: No | H81: 1 | I81: =IF(B81="","",IF(OR(D81="",F81="",G81=""),"Faltan datos",IF(AND(C81<>"",COUNTIF(Pacientes!$A$2:$A$46,C81)=0),"Código no registrado",IF(AND(F81="Sí",G81="Sí"),"Contradicción: resuelta y derivada","OK"))))
A82: =IF(B82="","",ROW()-2) | B82: 46283 | C82: SIM-03 | D82: Otro | E82: Chatbot | F82: Sí | G82: No | H82: 1.6 | I82: =IF(B82="","",IF(OR(D82="",F82="",G82=""),"Faltan datos",IF(AND(C82<>"",COUNTIF(Pacientes!$A$2:$A$46,C82)=0),"Código no registrado",IF(AND(F82="Sí",G82="Sí"),"Contradicción: resuelta y derivada","OK"))))
A83: =IF(B83="","",ROW()-2) | B83: 46283 | D83: Otro | E83: Chatbot | F83: Sí | G83: No | H83: 1.6 | I83: =IF(B83="","",IF(OR(D83="",F83="",G83=""),"Faltan datos",IF(AND(C83<>"",COUNTIF(Pacientes!$A$2:$A$46,C83)=0),"Código no registrado",IF(AND(F83="Sí",G83="Sí"),"Contradicción: resuelta y derivada","OK"))))
A84: =IF(B84="","",ROW()-2) | B84: 46283 | C84: SIM-02 | D84: Horarios | E84: Chatbot | F84: Sí | G84: No | H84: 0.3 | I84: =IF(B84="","",IF(OR(D84="",F84="",G84=""),"Faltan datos",IF(AND(C84<>"",COUNTIF(Pacientes!$A$2:$A$46,C84)=0),"Código no registrado",IF(AND(F84="Sí",G84="Sí"),"Contradicción: resuelta y derivada","OK"))))
A85: =IF(B85="","",ROW()-2) | B85: 46283 | D85: Otro | E85: Chatbot | F85: Sí | G85: No | H85: 0.9 | I85: =IF(B85="","",IF(OR(D85="",F85="",G85=""),"Faltan datos",IF(AND(C85<>"",COUNTIF(Pacientes!$A$2:$A$46,C85)=0),"Código no registrado",IF(AND(F85="Sí",G85="Sí"),"Contradicción: resuelta y derivada","OK"))))
A86: =IF(B86="","",ROW()-2) | B86: 46283 | C86: SIM-26 | D86: Seguimiento administrativo | E86: Chatbot | F86: No | G86: Sí | H86: 1 | I86: =IF(B86="","",IF(OR(D86="",F86="",G86=""),"Faltan datos",IF(AND(C86<>"",COUNTIF(Pacientes!$A$2:$A$46,C86)=0),"Código no registrado",IF(AND(F86="Sí",G86="Sí"),"Contradicción: resuelta y derivada","OK"))))
A87: =IF(B87="","",ROW()-2) | B87: 46283 | C87: SIM-22 | D87: Horarios | E87: Chatbot | F87: Sí | G87: No | H87: 1.8 | I87: =IF(B87="","",IF(OR(D87="",F87="",G87=""),"Faltan datos",IF(AND(C87<>"",COUNTIF(Pacientes!$A$2:$A$46,C87)=0),"Código no registrado",IF(AND(F87="Sí",G87="Sí"),"Contradicción: resuelta y derivada","OK"))))
A88: =IF(B88="","",ROW()-2) | B88: 46283 | C88: SIM-07 | D88: Seguimiento administrativo | E88: Chatbot | F88: No | G88: Sí | H88: 0.2 | I88: =IF(B88="","",IF(OR(D88="",F88="",G88=""),"Faltan datos",IF(AND(C88<>"",COUNTIF(Pacientes!$A$2:$A$46,C88)=0),"Código no registrado",IF(AND(F88="Sí",G88="Sí"),"Contradicción: resuelta y derivada","OK"))))
A89: =IF(B89="","",ROW()-2) | B89: 46283 | C89: SIM-10 | D89: Otro | E89: Chatbot | F89: Sí | G89: No | H89: 1.1 | I89: =IF(B89="","",IF(OR(D89="",F89="",G89=""),"Faltan datos",IF(AND(C89<>"",COUNTIF(Pacientes!$A$2:$A$46,C89)=0),"Código no registrado",IF(AND(F89="Sí",G89="Sí"),"Contradicción: resuelta y derivada","OK"))))
A90: =IF(B90="","",ROW()-2) | B90: 46286 | C90: SIM-06 | D90: Ubicación | E90: Chatbot | F90: Sí | G90: No | H90: 0.6 | I90: =IF(B90="","",IF(OR(D90="",F90="",G90=""),"Faltan datos",IF(AND(C90<>"",COUNTIF(Pacientes!$A$2:$A$46,C90)=0),"Código no registrado",IF(AND(F90="Sí",G90="Sí"),"Contradicción: resuelta y derivada","OK"))))
A91: =IF(B91="","",ROW()-2) | B91: 46286 | D91: Ubicación | E91: Chatbot | F91: Sí | G91: No | H91: 1.3 | I91: =IF(B91="","",IF(OR(D91="",F91="",G91=""),"Faltan datos",IF(AND(C91<>"",COUNTIF(Pacientes!$A$2:$A$46,C91)=0),"Código no registrado",IF(AND(F91="Sí",G91="Sí"),"Contradicción: resuelta y derivada","OK"))))
A92: =IF(B92="","",ROW()-2) | B92: 46286 | C92: SIM-25 | D92: Horarios | E92: Chatbot | F92: Sí | G92: No | H92: 1.1 | I92: =IF(B92="","",IF(OR(D92="",F92="",G92=""),"Faltan datos",IF(AND(C92<>"",COUNTIF(Pacientes!$A$2:$A$46,C92)=0),"Código no registrado",IF(AND(F92="Sí",G92="Sí"),"Contradicción: resuelta y derivada","OK"))))
A93: =IF(B93="","",ROW()-2) | B93: 46286 | C93: SIM-02 | D93: Seguimiento administrativo | E93: Chatbot | F93: Sí | G93: No | H93: 1.2 | I93: =IF(B93="","",IF(OR(D93="",F93="",G93=""),"Faltan datos",IF(AND(C93<>"",COUNTIF(Pacientes!$A$2:$A$46,C93)=0),"Código no registrado",IF(AND(F93="Sí",G93="Sí"),"Contradicción: resuelta y derivada","OK"))))
A94: =IF(B94="","",ROW()-2) | B94: 46286 | C94: SIM-27 | D94: Horarios | E94: Chatbot | F94: Sí | G94: No | H94: 1.3 | I94: =IF(B94="","",IF(OR(D94="",F94="",G94=""),"Faltan datos",IF(AND(C94<>"",COUNTIF(Pacientes!$A$2:$A$46,C94)=0),"Código no registrado",IF(AND(F94="Sí",G94="Sí"),"Contradicción: resuelta y derivada","OK"))))
A95: =IF(B95="","",ROW()-2) | B95: 46286 | C95: SIM-24 | D95: Seguimiento administrativo | E95: Chatbot | F95: Sí | G95: No | H95: 1.9 | I95: =IF(B95="","",IF(OR(D95="",F95="",G95=""),"Faltan datos",IF(AND(C95<>"",COUNTIF(Pacientes!$A$2:$A$46,C95)=0),"Código no registrado",IF(AND(F95="Sí",G95="Sí"),"Contradicción: resuelta y derivada","OK"))))
A96: =IF(B96="","",ROW()-2) | B96: 46286 | D96: Otro | E96: Chatbot | F96: Sí | G96: No | H96: 0.7 | I96: =IF(B96="","",IF(OR(D96="",F96="",G96=""),"Faltan datos",IF(AND(C96<>"",COUNTIF(Pacientes!$A$2:$A$46,C96)=0),"Código no registrado",IF(AND(F96="Sí",G96="Sí"),"Contradicción: resuelta y derivada","OK"))))
A97: =IF(B97="","",ROW()-2) | B97: 46286 | C97: SIM-18 | D97: Horarios | E97: Chatbot | F97: No | G97: No | H97: 1.9 | I97: =IF(B97="","",IF(OR(D97="",F97="",G97=""),"Faltan datos",IF(AND(C97<>"",COUNTIF(Pacientes!$A$2:$A$46,C97)=0),"Código no registrado",IF(AND(F97="Sí",G97="Sí"),"Contradicción: resuelta y derivada","OK"))))
A98: =IF(B98="","",ROW()-2) | B98: 46286 | C98: SIM-30 | D98: Seguimiento administrativo | E98: Chatbot | F98: Sí | G98: No | H98: 1.1 | I98: =IF(B98="","",IF(OR(D98="",F98="",G98=""),"Faltan datos",IF(AND(C98<>"",COUNTIF(Pacientes!$A$2:$A$46,C98)=0),"Código no registrado",IF(AND(F98="Sí",G98="Sí"),"Contradicción: resuelta y derivada","OK"))))
A99: =IF(B99="","",ROW()-2) | B99: 46286 | C99: SIM-13 | D99: Información institucional | E99: Chatbot | F99: Sí | G99: No | H99: 1.4 | I99: =IF(B99="","",IF(OR(D99="",F99="",G99=""),"Faltan datos",IF(AND(C99<>"",COUNTIF(Pacientes!$A$2:$A$46,C99)=0),"Código no registrado",IF(AND(F99="Sí",G99="Sí"),"Contradicción: resuelta y derivada","OK"))))
A100: =IF(B100="","",ROW()-2) | B100: 46288 | C100: SIM-19 | D100: Seguimiento administrativo | E100: Chatbot | F100: No | G100: Sí | H100: 0.6 | I100: =IF(B100="","",IF(OR(D100="",F100="",G100=""),"Faltan datos",IF(AND(C100<>"",COUNTIF(Pacientes!$A$2:$A$46,C100)=0),"Código no registrado",IF(AND(F100="Sí",G100="Sí"),"Contradicción: resuelta y derivada","OK"))))
A101: =IF(B101="","",ROW()-2) | B101: 46288 | C101: SIM-04 | D101: Ubicación | E101: Chatbot | F101: No | G101: Sí | H101: 0.7 | I101: =IF(B101="","",IF(OR(D101="",F101="",G101=""),"Faltan datos",IF(AND(C101<>"",COUNTIF(Pacientes!$A$2:$A$46,C101)=0),"Código no registrado",IF(AND(F101="Sí",G101="Sí"),"Contradicción: resuelta y derivada","OK"))))
A102: =IF(B102="","",ROW()-2) | B102: 46288 | C102: SIM-21 | D102: Citas | E102: Chatbot | F102: Sí | G102: No | H102: 1.3 | I102: =IF(B102="","",IF(OR(D102="",F102="",G102=""),"Faltan datos",IF(AND(C102<>"",COUNTIF(Pacientes!$A$2:$A$46,C102)=0),"Código no registrado",IF(AND(F102="Sí",G102="Sí"),"Contradicción: resuelta y derivada","OK"))))
A103: =IF(B103="","",ROW()-2) | B103: 46288 | C103: SIM-01 | D103: Información institucional | E103: Chatbot | F103: Sí | G103: No | H103: 0.3 | I103: =IF(B103="","",IF(OR(D103="",F103="",G103=""),"Faltan datos",IF(AND(C103<>"",COUNTIF(Pacientes!$A$2:$A$46,C103)=0),"Código no registrado",IF(AND(F103="Sí",G103="Sí"),"Contradicción: resuelta y derivada","OK"))))
A104: =IF(B104="","",ROW()-2) | B104: 46288 | C104: SIM-04 | D104: Requisitos | E104: Chatbot | F104: Sí | G104: No | H104: 0.5 | I104: =IF(B104="","",IF(OR(D104="",F104="",G104=""),"Faltan datos",IF(AND(C104<>"",COUNTIF(Pacientes!$A$2:$A$46,C104)=0),"Código no registrado",IF(AND(F104="Sí",G104="Sí"),"Contradicción: resuelta y derivada","OK"))))
A105: =IF(B105="","",ROW()-2) | B105: 46288 | C105: SIM-14 | D105: Requisitos | E105: Chatbot | F105: Sí | G105: No | H105: 1 | I105: =IF(B105="","",IF(OR(D105="",F105="",G105=""),"Faltan datos",IF(AND(C105<>"",COUNTIF(Pacientes!$A$2:$A$46,C105)=0),"Código no registrado",IF(AND(F105="Sí",G105="Sí"),"Contradicción: resuelta y derivada","OK"))))
A106: =IF(B106="","",ROW()-2) | B106: 46288 | C106: SIM-02 | D106: Información institucional | E106: Chatbot | F106: Sí | G106: No | H106: 0.8 | I106: =IF(B106="","",IF(OR(D106="",F106="",G106=""),"Faltan datos",IF(AND(C106<>"",COUNTIF(Pacientes!$A$2:$A$46,C106)=0),"Código no registrado",IF(AND(F106="Sí",G106="Sí"),"Contradicción: resuelta y derivada","OK"))))
A107: =IF(B107="","",ROW()-2) | B107: 46288 | C107: SIM-21 | D107: Ubicación | E107: Chatbot | F107: Sí | G107: No | H107: 1.6 | I107: =IF(B107="","",IF(OR(D107="",F107="",G107=""),"Faltan datos",IF(AND(C107<>"",COUNTIF(Pacientes!$A$2:$A$46,C107)=0),"Código no registrado",IF(AND(F107="Sí",G107="Sí"),"Contradicción: resuelta y derivada","OK"))))
A108: =IF(B108="","",ROW()-2) | B108: 46288 | C108: SIM-08 | D108: Ubicación | E108: Chatbot | F108: Sí | G108: No | H108: 1.3 | I108: =IF(B108="","",IF(OR(D108="",F108="",G108=""),"Faltan datos",IF(AND(C108<>"",COUNTIF(Pacientes!$A$2:$A$46,C108)=0),"Código no registrado",IF(AND(F108="Sí",G108="Sí"),"Contradicción: resuelta y derivada","OK"))))
... A113: =IF(B113="","",ROW()-2) | B113: 46288 | C113: SIM-09 | D113: Seguimiento administrativo | E113: Chatbot | F113: No | G113: Sí | H113: 2 | I113: =IF(B113="","",IF(OR(D113="",F113="",G113=""),"Faltan datos",IF(AND(C113<>"",COUNTIF(Pacientes!$A$2:$A$46,C113)=0),"Código no registrado",IF(AND(F113="Sí",G113="Sí"),"Contradicción: resuelta y derivada","OK"))))
...

Sheet Sesiones
A1: Par | B1: Fecha PRE | C1: TPR PRE (min) | D1: Ausentismo PRE (%) | E1: Consultas PRE (%) | F1: Fecha POST | G1: TPR POST (min) | H1: Ausentismo POST (%) | I1: Consultas POST (%) | J1: Registros PRE | K1: Citas elegibles PRE | L1: Consultas PRE | M1: Registros POST | N1: Citas elegibles POST | O1: Consultas POST | P1: Par válido TPR | Q1: Par válido TA | R1: Par válido NCA | S1: Mismo día de semana
A2: 1 | B2: 46237 | C2: =IFERROR(AVERAGEIFS(TPR_PRE!$F$3:$F$202,TPR_PRE!$B$3:$B$202,B2),"") | D2: =IFERROR(COUNTIFS(Ausentismo_PRE!$B$3:$B$202,B2,Ausentismo_PRE!$E$3:$E$202,"No asistió")/(COUNTIFS(Ausentismo_PRE!$B$3:$B$202,B2,Ausentismo_PRE!$E$3:$E$202,"No asistió")+COUNTIFS(Ausentismo_PRE!$B$3:$B$202,B2,Ausentismo_PRE!$E$3:$E$202,"Asistió")),"") | E2: =IFERROR(COUNTIFS(Consultas_PRE!$B$3:$B$202,B2,Consultas_PRE!$F$3:$F$202,"Sí",Consultas_PRE!$G$3:$G$202,"No")/COUNTIFS(Consultas_PRE!$B$3:$B$202,B2),"") | F2: 46272 | G2: =IFERROR(AVERAGEIFS(TPR_POST!$F$3:$F$202,TPR_POST!$B$3:$B$202,F2),"") | H2: =IFERROR(COUNTIFS(Ausentismo_POST!$B$3:$B$202,F2,Ausentismo_POST!$E$3:$E$202,"No asistió")/(COUNTIFS(Ausentismo_POST!$B$3:$B$202,F2,Ausentismo_POST!$E$3:$E$202,"No asistió")+COUNTIFS(Ausentismo_POST!$B$3:$B$202,F2,Ausentismo_POST!$E$3:$E$202,"Asistió")),"") | I2: =IFERROR(COUNTIFS(Consultas_POST!$B$3:$B$202,F2,Consultas_POST!$F$3:$F$202,"Sí",Consultas_POST!$G$3:$G$202,"No")/COUNTIFS(Consultas_POST!$B$3:$B$202,F2),"") | J2: =COUNTIFS(TPR_PRE!$B$3:$B$202,B2,TPR_PRE!$F$3:$F$202,">=0") | K2: =COUNTIFS(Ausentismo_PRE!$B$3:$B$202,B2,Ausentismo_PRE!$E$3:$E$202,"No asistió")+COUNTIFS(Ausentismo_PRE!$B$3:$B$202,B2,Ausentismo_PRE!$E$3:$E$202,"Asistió") | L2: =COUNTIFS(Consultas_PRE!$B$3:$B$202,B2) | M2: =COUNTIFS(TPR_POST!$B$3:$B$202,F2,TPR_POST!$F$3:$F$202,">=0") | N2: =COUNTIFS(Ausentismo_POST!$B$3:$B$202,F2,Ausentismo_POST!$E$3:$E$202,"No asistió")+COUNTIFS(Ausentismo_POST!$B$3:$B$202,F2,Ausentismo_POST!$E$3:$E$202,"Asistió") | O2: =COUNTIFS(Consultas_POST!$B$3:$B$202,F2) | P2: =IF(AND(J2>0,M2>0),"Sí","No") | Q2: =IF(AND(K2>0,N2>0),"Sí","No") | R2: =IF(AND(L2>0,O2>0),"Sí","No") | S2: =IF(WEEKDAY(B2)=WEEKDAY(F2),"Sí","No")
A3: 2 | B3: 46239 | C3: =IFERROR(AVERAGEIFS(TPR_PRE!$F$3:$F$202,TPR_PRE!$B$3:$B$202,B3),"") | D3: =IFERROR(COUNTIFS(Ausentismo_PRE!$B$3:$B$202,B3,Ausentismo_PRE!$E$3:$E$202,"No asistió")/(COUNTIFS(Ausentismo_PRE!$B$3:$B$202,B3,Ausentismo_PRE!$E$3:$E$202,"No asistió")+COUNTIFS(Ausentismo_PRE!$B$3:$B$202,B3,Ausentismo_PRE!$E$3:$E$202,"Asistió")),"") | E3: =IFERROR(COUNTIFS(Consultas_PRE!$B$3:$B$202,B3,Consultas_PRE!$F$3:$F$202,"Sí",Consultas_PRE!$G$3:$G$202,"No")/COUNTIFS(Consultas_PRE!$B$3:$B$202,B3),"") | F3: 46267 | G3: =IFERROR(AVERAGEIFS(TPR_POST!$F$3:$F$202,TPR_POST!$B$3:$B$202,F3),"") | H3: =IFERROR(COUNTIFS(Ausentismo_POST!$B$3:$B$202,F3,Ausentismo_POST!$E$3:$E$202,"No asistió")/(COUNTIFS(Ausentismo_POST!$B$3:$B$202,F3,Ausentismo_POST!$E$3:$E$202,"No asistió")+COUNTIFS(Ausentismo_POST!$B$3:$B$202,F3,Ausentismo_POST!$E$3:$E$202,"Asistió")),"") | I3: =IFERROR(COUNTIFS(Consultas_POST!$B$3:$B$202,F3,Consultas_POST!$F$3:$F$202,"Sí",Consultas_POST!$G$3:$G$202,"No")/COUNTIFS(Consultas_POST!$B$3:$B$202,F3),"") | J3: =COUNTIFS(TPR_PRE!$B$3:$B$202,B3,TPR_PRE!$F$3:$F$202,">=0") | K3: =COUNTIFS(Ausentismo_PRE!$B$3:$B$202,B3,Ausentismo_PRE!$E$3:$E$202,"No asistió")+COUNTIFS(Ausentismo_PRE!$B$3:$B$202,B3,Ausentismo_PRE!$E$3:$E$202,"Asistió") | L3: =COUNTIFS(Consultas_PRE!$B$3:$B$202,B3) | M3: =COUNTIFS(TPR_POST!$B$3:$B$202,F3,TPR_POST!$F$3:$F$202,">=0") | N3: =COUNTIFS(Ausentismo_POST!$B$3:$B$202,F3,Ausentismo_POST!$E$3:$E$202,"No asistió")+COUNTIFS(Ausentismo_POST!$B$3:$B$202,F3,Ausentismo_POST!$E$3:$E$202,"Asistió") | O3: =COUNTIFS(Consultas_POST!$B$3:$B$202,F3) | P3: =IF(AND(J3>0,M3>0),"Sí","No") | Q3: =IF(AND(K3>0,N3>0),"Sí","No") | R3: =IF(AND(L3>0,O3>0),"Sí","No") | S3: =IF(WEEKDAY(B3)=WEEKDAY(F3),"Sí","No")
A4: 3 | B4: 46241 | C4: =IFERROR(AVERAGEIFS(TPR_PRE!$F$3:$F$202,TPR_PRE!$B$3:$B$202,B4),"") | D4: =IFERROR(COUNTIFS(Ausentismo_PRE!$B$3:$B$202,B4,Ausentismo_PRE!$E$3:$E$202,"No asistió")/(COUNTIFS(Ausentismo_PRE!$B$3:$B$202,B4,Ausentismo_PRE!$E$3:$E$202,"No asistió")+COUNTIFS(Ausentismo_PRE!$B$3:$B$202,B4,Ausentismo_PRE!$E$3:$E$202,"Asistió")),"") | E4: =IFERROR(COUNTIFS(Consultas_PRE!$B$3:$B$202,B4,Consultas_PRE!$F$3:$F$202,"Sí",Consultas_PRE!$G$3:$G$202,"No")/COUNTIFS(Consultas_PRE!$B$3:$B$202,B4),"") | F4: 46269 | G4: =IFERROR(AVERAGEIFS(TPR_POST!$F$3:$F$202,TPR_POST!$B$3:$B$202,F4),"") | H4: =IFERROR(COUNTIFS(Ausentismo_POST!$B$3:$B$202,F4,Ausentismo_POST!$E$3:$E$202,"No asistió")/(COUNTIFS(Ausentismo_POST!$B$3:$B$202,F4,Ausentismo_POST!$E$3:$E$202,"No asistió")+COUNTIFS(Ausentismo_POST!$B$3:$B$202,F4,Ausentismo_POST!$E$3:$E$202,"Asistió")),"") | I4: =IFERROR(COUNTIFS(Consultas_POST!$B$3:$B$202,F4,Consultas_POST!$F$3:$F$202,"Sí",Consultas_POST!$G$3:$G$202,"No")/COUNTIFS(Consultas_POST!$B$3:$B$202,F4),"") | J4: =COUNTIFS(TPR_PRE!$B$3:$B$202,B4,TPR_PRE!$F$3:$F$202,">=0") | K4: =COUNTIFS(Ausentismo_PRE!$B$3:$B$202,B4,Ausentismo_PRE!$E$3:$E$202,"No asistió")+COUNTIFS(Ausentismo_PRE!$B$3:$B$202,B4,Ausentismo_PRE!$E$3:$E$202,"Asistió") | L4: =COUNTIFS(Consultas_PRE!$B$3:$B$202,B4) | M4: =COUNTIFS(TPR_POST!$B$3:$B$202,F4,TPR_POST!$F$3:$F$202,">=0") | N4: =COUNTIFS(Ausentismo_POST!$B$3:$B$202,F4,Ausentismo_POST!$E$3:$E$202,"No asistió")+COUNTIFS(Ausentismo_POST!$B$3:$B$202,F4,Ausentismo_POST!$E$3:$E$202,"Asistió") | O4: =COUNTIFS(Consultas_POST!$B$3:$B$202,F4) | P4: =IF(AND(J4>0,M4>0),"Sí","No") | Q4: =IF(AND(K4>0,N4>0),"Sí","No") | R4: =IF(AND(L4>0,O4>0),"Sí","No") | S4: =IF(WEEKDAY(B4)=WEEKDAY(F4),"Sí","No")
A5: 4 | B5: 46244 | C5: =IFERROR(AVERAGEIFS(TPR_PRE!$F$3:$F$202,TPR_PRE!$B$3:$B$202,B5),"") | D5: =IFERROR(COUNTIFS(Ausentismo_PRE!$B$3:$B$202,B5,Ausentismo_PRE!$E$3:$E$202,"No asistió")/(COUNTIFS(Ausentismo_PRE!$B$3:$B$202,B5,Ausentismo_PRE!$E$3:$E$202,"No asistió")+COUNTIFS(Ausentismo_PRE!$B$3:$B$202,B5,Ausentismo_PRE!$E$3:$E$202,"Asistió")),"") | E5: =IFERROR(COUNTIFS(Consultas_PRE!$B$3:$B$202,B5,Consultas_PRE!$F$3:$F$202,"Sí",Consultas_PRE!$G$3:$G$202,"No")/COUNTIFS(Consultas_PRE!$B$3:$B$202,B5),"") | F5: 46279 | G5: =IFERROR(AVERAGEIFS(TPR_POST!$F$3:$F$202,TPR_POST!$B$3:$B$202,F5),"") | H5: =IFERROR(COUNTIFS(Ausentismo_POST!$B$3:$B$202,F5,Ausentismo_POST!$E$3:$E$202,"No asistió")/(COUNTIFS(Ausentismo_POST!$B$3:$B$202,F5,Ausentismo_POST!$E$3:$E$202,"No asistió")+COUNTIFS(Ausentismo_POST!$B$3:$B$202,F5,Ausentismo_POST!$E$3:$E$202,"Asistió")),"") | I5: =IFERROR(COUNTIFS(Consultas_POST!$B$3:$B$202,F5,Consultas_POST!$F$3:$F$202,"Sí",Consultas_POST!$G$3:$G$202,"No")/COUNTIFS(Consultas_POST!$B$3:$B$202,F5),"") | J5: =COUNTIFS(TPR_PRE!$B$3:$B$202,B5,TPR_PRE!$F$3:$F$202,">=0") | K5: =COUNTIFS(Ausentismo_PRE!$B$3:$B$202,B5,Ausentismo_PRE!$E$3:$E$202,"No asistió")+COUNTIFS(Ausentismo_PRE!$B$3:$B$202,B5,Ausentismo_PRE!$E$3:$E$202,"Asistió") | L5: =COUNTIFS(Consultas_PRE!$B$3:$B$202,B5) | M5: =COUNTIFS(TPR_POST!$B$3:$B$202,F5,TPR_POST!$F$3:$F$202,">=0") | N5: =COUNTIFS(Ausentismo_POST!$B$3:$B$202,F5,Ausentismo_POST!$E$3:$E$202,"No asistió")+COUNTIFS(Ausentismo_POST!$B$3:$B$202,F5,Ausentismo_POST!$E$3:$E$202,"Asistió") | O5: =COUNTIFS(Consultas_POST!$B$3:$B$202,F5) | P5: =IF(AND(J5>0,M5>0),"Sí","No") | Q5: =IF(AND(K5>0,N5>0),"Sí","No") | R5: =IF(AND(L5>0,O5>0),"Sí","No") | S5: =IF(WEEKDAY(B5)=WEEKDAY(F5),"Sí","No")
A6: 5 | B6: 46246 | C6: =IFERROR(AVERAGEIFS(TPR_PRE!$F$3:$F$202,TPR_PRE!$B$3:$B$202,B6),"") | D6: =IFERROR(COUNTIFS(Ausentismo_PRE!$B$3:$B$202,B6,Ausentismo_PRE!$E$3:$E$202,"No asistió")/(COUNTIFS(Ausentismo_PRE!$B$3:$B$202,B6,Ausentismo_PRE!$E$3:$E$202,"No asistió")+COUNTIFS(Ausentismo_PRE!$B$3:$B$202,B6,Ausentismo_PRE!$E$3:$E$202,"Asistió")),"") | E6: =IFERROR(COUNTIFS(Consultas_PRE!$B$3:$B$202,B6,Consultas_PRE!$F$3:$F$202,"Sí",Consultas_PRE!$G$3:$G$202,"No")/COUNTIFS(Consultas_PRE!$B$3:$B$202,B6),"") | F6: 46274 | G6: =IFERROR(AVERAGEIFS(TPR_POST!$F$3:$F$202,TPR_POST!$B$3:$B$202,F6),"") | H6: =IFERROR(COUNTIFS(Ausentismo_POST!$B$3:$B$202,F6,Ausentismo_POST!$E$3:$E$202,"No asistió")/(COUNTIFS(Ausentismo_POST!$B$3:$B$202,F6,Ausentismo_POST!$E$3:$E$202,"No asistió")+COUNTIFS(Ausentismo_POST!$B$3:$B$202,F6,Ausentismo_POST!$E$3:$E$202,"Asistió")),"") | I6: =IFERROR(COUNTIFS(Consultas_POST!$B$3:$B$202,F6,Consultas_POST!$F$3:$F$202,"Sí",Consultas_POST!$G$3:$G$202,"No")/COUNTIFS(Consultas_POST!$B$3:$B$202,F6),"") | J6: =COUNTIFS(TPR_PRE!$B$3:$B$202,B6,TPR_PRE!$F$3:$F$202,">=0") | K6: =COUNTIFS(Ausentismo_PRE!$B$3:$B$202,B6,Ausentismo_PRE!$E$3:$E$202,"No asistió")+COUNTIFS(Ausentismo_PRE!$B$3:$B$202,B6,Ausentismo_PRE!$E$3:$E$202,"Asistió") | L6: =COUNTIFS(Consultas_PRE!$B$3:$B$202,B6) | M6: =COUNTIFS(TPR_POST!$B$3:$B$202,F6,TPR_POST!$F$3:$F$202,">=0") | N6: =COUNTIFS(Ausentismo_POST!$B$3:$B$202,F6,Ausentismo_POST!$E$3:$E$202,"No asistió")+COUNTIFS(Ausentismo_POST!$B$3:$B$202,F6,Ausentismo_POST!$E$3:$E$202,"Asistió") | O6: =COUNTIFS(Consultas_POST!$B$3:$B$202,F6) | P6: =IF(AND(J6>0,M6>0),"Sí","No") | Q6: =IF(AND(K6>0,N6>0),"Sí","No") | R6: =IF(AND(L6>0,O6>0),"Sí","No") | S6: =IF(WEEKDAY(B6)=WEEKDAY(F6),"Sí","No")
A7: 6 | B7: 46248 | C7: =IFERROR(AVERAGEIFS(TPR_PRE!$F$3:$F$202,TPR_PRE!$B$3:$B$202,B7),"") | D7: =IFERROR(COUNTIFS(Ausentismo_PRE!$B$3:$B$202,B7,Ausentismo_PRE!$E$3:$E$202,"No asistió")/(COUNTIFS(Ausentismo_PRE!$B$3:$B$202,B7,Ausentismo_PRE!$E$3:$E$202,"No asistió")+COUNTIFS(Ausentismo_PRE!$B$3:$B$202,B7,Ausentismo_PRE!$E$3:$E$202,"Asistió")),"") | E7: =IFERROR(COUNTIFS(Consultas_PRE!$B$3:$B$202,B7,Consultas_PRE!$F$3:$F$202,"Sí",Consultas_PRE!$G$3:$G$202,"No")/COUNTIFS(Consultas_PRE!$B$3:$B$202,B7),"") | F7: 46276 | G7: =IFERROR(AVERAGEIFS(TPR_POST!$F$3:$F$202,TPR_POST!$B$3:$B$202,F7),"") | H7: =IFERROR(COUNTIFS(Ausentismo_POST!$B$3:$B$202,F7,Ausentismo_POST!$E$3:$E$202,"No asistió")/(COUNTIFS(Ausentismo_POST!$B$3:$B$202,F7,Ausentismo_POST!$E$3:$E$202,"No asistió")+COUNTIFS(Ausentismo_POST!$B$3:$B$202,F7,Ausentismo_POST!$E$3:$E$202,"Asistió")),"") | I7: =IFERROR(COUNTIFS(Consultas_POST!$B$3:$B$202,F7,Consultas_POST!$F$3:$F$202,"Sí",Consultas_POST!$G$3:$G$202,"No")/COUNTIFS(Consultas_POST!$B$3:$B$202,F7),"") | J7: =COUNTIFS(TPR_PRE!$B$3:$B$202,B7,TPR_PRE!$F$3:$F$202,">=0") | K7: =COUNTIFS(Ausentismo_PRE!$B$3:$B$202,B7,Ausentismo_PRE!$E$3:$E$202,"No asistió")+COUNTIFS(Ausentismo_PRE!$B$3:$B$202,B7,Ausentismo_PRE!$E$3:$E$202,"Asistió") | L7: =COUNTIFS(Consultas_PRE!$B$3:$B$202,B7) | M7: =COUNTIFS(TPR_POST!$B$3:$B$202,F7,TPR_POST!$F$3:$F$202,">=0") | N7: =COUNTIFS(Ausentismo_POST!$B$3:$B$202,F7,Ausentismo_POST!$E$3:$E$202,"No asistió")+COUNTIFS(Ausentismo_POST!$B$3:$B$202,F7,Ausentismo_POST!$E$3:$E$202,"Asistió") | O7: =COUNTIFS(Consultas_POST!$B$3:$B$202,F7) | P7: =IF(AND(J7>0,M7>0),"Sí","No") | Q7: =IF(AND(K7>0,N7>0),"Sí","No") | R7: =IF(AND(L7>0,O7>0),"Sí","No") | S7: =IF(WEEKDAY(B7)=WEEKDAY(F7),"Sí","No")
A8: 7 | B8: 46251 | C8: =IFERROR(AVERAGEIFS(TPR_PRE!$F$3:$F$202,TPR_PRE!$B$3:$B$202,B8),"") | D8: =IFERROR(COUNTIFS(Ausentismo_PRE!$B$3:$B$202,B8,Ausentismo_PRE!$E$3:$E$202,"No asistió")/(COUNTIFS(Ausentismo_PRE!$B$3:$B$202,B8,Ausentismo_PRE!$E$3:$E$202,"No asistió")+COUNTIFS(Ausentismo_PRE!$B$3:$B$202,B8,Ausentismo_PRE!$E$3:$E$202,"Asistió")),"") | E8: =IFERROR(COUNTIFS(Consultas_PRE!$B$3:$B$202,B8,Consultas_PRE!$F$3:$F$202,"Sí",Consultas_PRE!$G$3:$G$202,"No")/COUNTIFS(Consultas_PRE!$B$3:$B$202,B8),"") | F8: 46286 | G8: =IFERROR(AVERAGEIFS(TPR_POST!$F$3:$F$202,TPR_POST!$B$3:$B$202,F8),"") | H8: =IFERROR(COUNTIFS(Ausentismo_POST!$B$3:$B$202,F8,Ausentismo_POST!$E$3:$E$202,"No asistió")/(COUNTIFS(Ausentismo_POST!$B$3:$B$202,F8,Ausentismo_POST!$E$3:$E$202,"No asistió")+COUNTIFS(Ausentismo_POST!$B$3:$B$202,F8,Ausentismo_POST!$E$3:$E$202,"Asistió")),"") | I8: =IFERROR(COUNTIFS(Consultas_POST!$B$3:$B$202,F8,Consultas_POST!$F$3:$F$202,"Sí",Consultas_POST!$G$3:$G$202,"No")/COUNTIFS(Consultas_POST!$B$3:$B$202,F8),"") | J8: =COUNTIFS(TPR_PRE!$B$3:$B$202,B8,TPR_PRE!$F$3:$F$202,">=0") | K8: =COUNTIFS(Ausentismo_PRE!$B$3:$B$202,B8,Ausentismo_PRE!$E$3:$E$202,"No asistió")+COUNTIFS(Ausentismo_PRE!$B$3:$B$202,B8,Ausentismo_PRE!$E$3:$E$202,"Asistió") | L8: =COUNTIFS(Consultas_PRE!$B$3:$B$202,B8) | M8: =COUNTIFS(TPR_POST!$B$3:$B$202,F8,TPR_POST!$F$3:$F$202,">=0") | N8: =COUNTIFS(Ausentismo_POST!$B$3:$B$202,F8,Ausentismo_POST!$E$3:$E$202,"No asistió")+COUNTIFS(Ausentismo_POST!$B$3:$B$202,F8,Ausentismo_POST!$E$3:$E$202,"Asistió") | O8: =COUNTIFS(Consultas_POST!$B$3:$B$202,F8) | P8: =IF(AND(J8>0,M8>0),"Sí","No") | Q8: =IF(AND(K8>0,N8>0),"Sí","No") | R8: =IF(AND(L8>0,O8>0),"Sí","No") | S8: =IF(WEEKDAY(B8)=WEEKDAY(F8),"Sí","No")
A9: 8 | B9: 46253 | C9: =IFERROR(AVERAGEIFS(TPR_PRE!$F$3:$F$202,TPR_PRE!$B$3:$B$202,B9),"") | D9: =IFERROR(COUNTIFS(Ausentismo_PRE!$B$3:$B$202,B9,Ausentismo_PRE!$E$3:$E$202,"No asistió")/(COUNTIFS(Ausentismo_PRE!$B$3:$B$202,B9,Ausentismo_PRE!$E$3:$E$202,"No asistió")+COUNTIFS(Ausentismo_PRE!$B$3:$B$202,B9,Ausentismo_PRE!$E$3:$E$202,"Asistió")),"") | E9: =IFERROR(COUNTIFS(Consultas_PRE!$B$3:$B$202,B9,Consultas_PRE!$F$3:$F$202,"Sí",Consultas_PRE!$G$3:$G$202,"No")/COUNTIFS(Consultas_PRE!$B$3:$B$202,B9),"") | F9: 46281 | G9: =IFERROR(AVERAGEIFS(TPR_POST!$F$3:$F$202,TPR_POST!$B$3:$B$202,F9),"") | H9: =IFERROR(COUNTIFS(Ausentismo_POST!$B$3:$B$202,F9,Ausentismo_POST!$E$3:$E$202,"No asistió")/(COUNTIFS(Ausentismo_POST!$B$3:$B$202,F9,Ausentismo_POST!$E$3:$E$202,"No asistió")+COUNTIFS(Ausentismo_POST!$B$3:$B$202,F9,Ausentismo_POST!$E$3:$E$202,"Asistió")),"") | I9: =IFERROR(COUNTIFS(Consultas_POST!$B$3:$B$202,F9,Consultas_POST!$F$3:$F$202,"Sí",Consultas_POST!$G$3:$G$202,"No")/COUNTIFS(Consultas_POST!$B$3:$B$202,F9),"") | J9: =COUNTIFS(TPR_PRE!$B$3:$B$202,B9,TPR_PRE!$F$3:$F$202,">=0") | K9: =COUNTIFS(Ausentismo_PRE!$B$3:$B$202,B9,Ausentismo_PRE!$E$3:$E$202,"No asistió")+COUNTIFS(Ausentismo_PRE!$B$3:$B$202,B9,Ausentismo_PRE!$E$3:$E$202,"Asistió") | L9: =COUNTIFS(Consultas_PRE!$B$3:$B$202,B9) | M9: =COUNTIFS(TPR_POST!$B$3:$B$202,F9,TPR_POST!$F$3:$F$202,">=0") | N9: =COUNTIFS(Ausentismo_POST!$B$3:$B$202,F9,Ausentismo_POST!$E$3:$E$202,"No asistió")+COUNTIFS(Ausentismo_POST!$B$3:$B$202,F9,Ausentismo_POST!$E$3:$E$202,"Asistió") | O9: =COUNTIFS(Consultas_POST!$B$3:$B$202,F9) | P9: =IF(AND(J9>0,M9>0),"Sí","No") | Q9: =IF(AND(K9>0,N9>0),"Sí","No") | R9: =IF(AND(L9>0,O9>0),"Sí","No") | S9: =IF(WEEKDAY(B9)=WEEKDAY(F9),"Sí","No")
A10: 9 | B10: 46255 | C10: =IFERROR(AVERAGEIFS(TPR_PRE!$F$3:$F$202,TPR_PRE!$B$3:$B$202,B10),"") | D10: =IFERROR(COUNTIFS(Ausentismo_PRE!$B$3:$B$202,B10,Ausentismo_PRE!$E$3:$E$202,"No asistió")/(COUNTIFS(Ausentismo_PRE!$B$3:$B$202,B10,Ausentismo_PRE!$E$3:$E$202,"No asistió")+COUNTIFS(Ausentismo_PRE!$B$3:$B$202,B10,Ausentismo_PRE!$E$3:$E$202,"Asistió")),"") | E10: =IFERROR(COUNTIFS(Consultas_PRE!$B$3:$B$202,B10,Consultas_PRE!$F$3:$F$202,"Sí",Consultas_PRE!$G$3:$G$202,"No")/COUNTIFS(Consultas_PRE!$B$3:$B$202,B10),"") | F10: 46283 | G10: =IFERROR(AVERAGEIFS(TPR_POST!$F$3:$F$202,TPR_POST!$B$3:$B$202,F10),"") | H10: =IFERROR(COUNTIFS(Ausentismo_POST!$B$3:$B$202,F10,Ausentismo_POST!$E$3:$E$202,"No asistió")/(COUNTIFS(Ausentismo_POST!$B$3:$B$202,F10,Ausentismo_POST!$E$3:$E$202,"No asistió")+COUNTIFS(Ausentismo_POST!$B$3:$B$202,F10,Ausentismo_POST!$E$3:$E$202,"Asistió")),"") | I10: =IFERROR(COUNTIFS(Consultas_POST!$B$3:$B$202,F10,Consultas_POST!$F$3:$F$202,"Sí",Consultas_POST!$G$3:$G$202,"No")/COUNTIFS(Consultas_POST!$B$3:$B$202,F10),"") | J10: =COUNTIFS(TPR_PRE!$B$3:$B$202,B10,TPR_PRE!$F$3:$F$202,">=0") | K10: =COUNTIFS(Ausentismo_PRE!$B$3:$B$202,B10,Ausentismo_PRE!$E$3:$E$202,"No asistió")+COUNTIFS(Ausentismo_PRE!$B$3:$B$202,B10,Ausentismo_PRE!$E$3:$E$202,"Asistió") | L10: =COUNTIFS(Consultas_PRE!$B$3:$B$202,B10) | M10: =COUNTIFS(TPR_POST!$B$3:$B$202,F10,TPR_POST!$F$3:$F$202,">=0") | N10: =COUNTIFS(Ausentismo_POST!$B$3:$B$202,F10,Ausentismo_POST!$E$3:$E$202,"No asistió")+COUNTIFS(Ausentismo_POST!$B$3:$B$202,F10,Ausentismo_POST!$E$3:$E$202,"Asistió") | O10: =COUNTIFS(Consultas_POST!$B$3:$B$202,F10) | P10: =IF(AND(J10>0,M10>0),"Sí","No") | Q10: =IF(AND(K10>0,N10>0),"Sí","No") | R10: =IF(AND(L10>0,O10>0),"Sí","No") | S10: =IF(WEEKDAY(B10)=WEEKDAY(F10),"Sí","No")
A11: 10 | B11: 46258 | C11: =IFERROR(AVERAGEIFS(TPR_PRE!$F$3:$F$202,TPR_PRE!$B$3:$B$202,B11),"") | D11: =IFERROR(COUNTIFS(Ausentismo_PRE!$B$3:$B$202,B11,Ausentismo_PRE!$E$3:$E$202,"No asistió")/(COUNTIFS(Ausentismo_PRE!$B$3:$B$202,B11,Ausentismo_PRE!$E$3:$E$202,"No asistió")+COUNTIFS(Ausentismo_PRE!$B$3:$B$202,B11,Ausentismo_PRE!$E$3:$E$202,"Asistió")),"") | E11: =IFERROR(COUNTIFS(Consultas_PRE!$B$3:$B$202,B11,Consultas_PRE!$F$3:$F$202,"Sí",Consultas_PRE!$G$3:$G$202,"No")/COUNTIFS(Consultas_PRE!$B$3:$B$202,B11),"") | F11: 46293 | G11: =IFERROR(AVERAGEIFS(TPR_POST!$F$3:$F$202,TPR_POST!$B$3:$B$202,F11),"") | H11: =IFERROR(COUNTIFS(Ausentismo_POST!$B$3:$B$202,F11,Ausentismo_POST!$E$3:$E$202,"No asistió")/(COUNTIFS(Ausentismo_POST!$B$3:$B$202,F11,Ausentismo_POST!$E$3:$E$202,"No asistió")+COUNTIFS(Ausentismo_POST!$B$3:$B$202,F11,Ausentismo_POST!$E$3:$E$202,"Asistió")),"") | I11: =IFERROR(COUNTIFS(Consultas_POST!$B$3:$B$202,F11,Consultas_POST!$F$3:$F$202,"Sí",Consultas_POST!$G$3:$G$202,"No")/COUNTIFS(Consultas_POST!$B$3:$B$202,F11),"") | J11: =COUNTIFS(TPR_PRE!$B$3:$B$202,B11,TPR_PRE!$F$3:$F$202,">=0") | K11: =COUNTIFS(Ausentismo_PRE!$B$3:$B$202,B11,Ausentismo_PRE!$E$3:$E$202,"No asistió")+COUNTIFS(Ausentismo_PRE!$B$3:$B$202,B11,Ausentismo_PRE!$E$3:$E$202,"Asistió") | L11: =COUNTIFS(Consultas_PRE!$B$3:$B$202,B11) | M11: =COUNTIFS(TPR_POST!$B$3:$B$202,F11,TPR_POST!$F$3:$F$202,">=0") | N11: =COUNTIFS(Ausentismo_POST!$B$3:$B$202,F11,Ausentismo_POST!$E$3:$E$202,"No asistió")+COUNTIFS(Ausentismo_POST!$B$3:$B$202,F11,Ausentismo_POST!$E$3:$E$202,"Asistió") | O11: =COUNTIFS(Consultas_POST!$B$3:$B$202,F11) | P11: =IF(AND(J11>0,M11>0),"Sí","No") | Q11: =IF(AND(K11>0,N11>0),"Sí","No") | R11: =IF(AND(L11>0,O11>0),"Sí","No") | S11: =IF(WEEKDAY(B11)=WEEKDAY(F11),"Sí","No")
A12: 11 | B12: 46260 | C12: =IFERROR(AVERAGEIFS(TPR_PRE!$F$3:$F$202,TPR_PRE!$B$3:$B$202,B12),"") | D12: =IFERROR(COUNTIFS(Ausentismo_PRE!$B$3:$B$202,B12,Ausentismo_PRE!$E$3:$E$202,"No asistió")/(COUNTIFS(Ausentismo_PRE!$B$3:$B$202,B12,Ausentismo_PRE!$E$3:$E$202,"No asistió")+COUNTIFS(Ausentismo_PRE!$B$3:$B$202,B12,Ausentismo_PRE!$E$3:$E$202,"Asistió")),"") | E12: =IFERROR(COUNTIFS(Consultas_PRE!$B$3:$B$202,B12,Consultas_PRE!$F$3:$F$202,"Sí",Consultas_PRE!$G$3:$G$202,"No")/COUNTIFS(Consultas_PRE!$B$3:$B$202,B12),"") | F12: 46288 | G12: =IFERROR(AVERAGEIFS(TPR_POST!$F$3:$F$202,TPR_POST!$B$3:$B$202,F12),"") | H12: =IFERROR(COUNTIFS(Ausentismo_POST!$B$3:$B$202,F12,Ausentismo_POST!$E$3:$E$202,"No asistió")/(COUNTIFS(Ausentismo_POST!$B$3:$B$202,F12,Ausentismo_POST!$E$3:$E$202,"No asistió")+COUNTIFS(Ausentismo_POST!$B$3:$B$202,F12,Ausentismo_POST!$E$3:$E$202,"Asistió")),"") | I12: =IFERROR(COUNTIFS(Consultas_POST!$B$3:$B$202,F12,Consultas_POST!$F$3:$F$202,"Sí",Consultas_POST!$G$3:$G$202,"No")/COUNTIFS(Consultas_POST!$B$3:$B$202,F12),"") | J12: =COUNTIFS(TPR_PRE!$B$3:$B$202,B12,TPR_PRE!$F$3:$F$202,">=0") | K12: =COUNTIFS(Ausentismo_PRE!$B$3:$B$202,B12,Ausentismo_PRE!$E$3:$E$202,"No asistió")+COUNTIFS(Ausentismo_PRE!$B$3:$B$202,B12,Ausentismo_PRE!$E$3:$E$202,"Asistió") | L12: =COUNTIFS(Consultas_PRE!$B$3:$B$202,B12) | M12: =COUNTIFS(TPR_POST!$B$3:$B$202,F12,TPR_POST!$F$3:$F$202,">=0") | N12: =COUNTIFS(Ausentismo_POST!$B$3:$B$202,F12,Ausentismo_POST!$E$3:$E$202,"No asistió")+COUNTIFS(Ausentismo_POST!$B$3:$B$202,F12,Ausentismo_POST!$E$3:$E$202,"Asistió") | O12: =COUNTIFS(Consultas_POST!$B$3:$B$202,F12) | P12: =IF(AND(J12>0,M12>0),"Sí","No") | Q12: =IF(AND(K12>0,N12>0),"Sí","No") | R12: =IF(AND(L12>0,O12>0),"Sí","No") | S12: =IF(WEEKDAY(B12)=WEEKDAY(F12),"Sí","No")
A13: 12 | B13: 46262 | C13: =IFERROR(AVERAGEIFS(TPR_PRE!$F$3:$F$202,TPR_PRE!$B$3:$B$202,B13),"") | D13: =IFERROR(COUNTIFS(Ausentismo_PRE!$B$3:$B$202,B13,Ausentismo_PRE!$E$3:$E$202,"No asistió")/(COUNTIFS(Ausentismo_PRE!$B$3:$B$202,B13,Ausentismo_PRE!$E$3:$E$202,"No asistió")+COUNTIFS(Ausentismo_PRE!$B$3:$B$202,B13,Ausentismo_PRE!$E$3:$E$202,"Asistió")),"") | E13: =IFERROR(COUNTIFS(Consultas_PRE!$B$3:$B$202,B13,Consultas_PRE!$F$3:$F$202,"Sí",Consultas_PRE!$G$3:$G$202,"No")/COUNTIFS(Consultas_PRE!$B$3:$B$202,B13),"") | F13: 46290 | G13: =IFERROR(AVERAGEIFS(TPR_POST!$F$3:$F$202,TPR_POST!$B$3:$B$202,F13),"") | H13: =IFERROR(COUNTIFS(Ausentismo_POST!$B$3:$B$202,F13,Ausentismo_POST!$E$3:$E$202,"No asistió")/(COUNTIFS(Ausentismo_POST!$B$3:$B$202,F13,Ausentismo_POST!$E$3:$E$202,"No asistió")+COUNTIFS(Ausentismo_POST!$B$3:$B$202,F13,Ausentismo_POST!$E$3:$E$202,"Asistió")),"") | I13: =IFERROR(COUNTIFS(Consultas_POST!$B$3:$B$202,F13,Consultas_POST!$F$3:$F$202,"Sí",Consultas_POST!$G$3:$G$202,"No")/COUNTIFS(Consultas_POST!$B$3:$B$202,F13),"") | J13: =COUNTIFS(TPR_PRE!$B$3:$B$202,B13,TPR_PRE!$F$3:$F$202,">=0") | K13: =COUNTIFS(Ausentismo_PRE!$B$3:$B$202,B13,Ausentismo_PRE!$E$3:$E$202,"No asistió")+COUNTIFS(Ausentismo_PRE!$B$3:$B$202,B13,Ausentismo_PRE!$E$3:$E$202,"Asistió") | L13: =COUNTIFS(Consultas_PRE!$B$3:$B$202,B13) | M13: =COUNTIFS(TPR_POST!$B$3:$B$202,F13,TPR_POST!$F$3:$F$202,">=0") | N13: =COUNTIFS(Ausentismo_POST!$B$3:$B$202,F13,Ausentismo_POST!$E$3:$E$202,"No asistió")+COUNTIFS(Ausentismo_POST!$B$3:$B$202,F13,Ausentismo_POST!$E$3:$E$202,"Asistió") | O13: =COUNTIFS(Consultas_POST!$B$3:$B$202,F13) | P13: =IF(AND(J13>0,M13>0),"Sí","No") | Q13: =IF(AND(K13>0,N13>0),"Sí","No") | R13: =IF(AND(L13>0,O13>0),"Sí","No") | S13: =IF(WEEKDAY(B13)=WEEKDAY(F13),"Sí","No")
A14: 13 | B14: 46265 | C14: =IFERROR(AVERAGEIFS(TPR_PRE!$F$3:$F$202,TPR_PRE!$B$3:$B$202,B14),"") | D14: =IFERROR(COUNTIFS(Ausentismo_PRE!$B$3:$B$202,B14,Ausentismo_PRE!$E$3:$E$202,"No asistió")/(COUNTIFS(Ausentismo_PRE!$B$3:$B$202,B14,Ausentismo_PRE!$E$3:$E$202,"No asistió")+COUNTIFS(Ausentismo_PRE!$B$3:$B$202,B14,Ausentismo_PRE!$E$3:$E$202,"Asistió")),"") | E14: =IFERROR(COUNTIFS(Consultas_PRE!$B$3:$B$202,B14,Consultas_PRE!$F$3:$F$202,"Sí",Consultas_PRE!$G$3:$G$202,"No")/COUNTIFS(Consultas_PRE!$B$3:$B$202,B14),"") | F14: 46295 | G14: =IFERROR(AVERAGEIFS(TPR_POST!$F$3:$F$202,TPR_POST!$B$3:$B$202,F14),"") | H14: =IFERROR(COUNTIFS(Ausentismo_POST!$B$3:$B$202,F14,Ausentismo_POST!$E$3:$E$202,"No asistió")/(COUNTIFS(Ausentismo_POST!$B$3:$B$202,F14,Ausentismo_POST!$E$3:$E$202,"No asistió")+COUNTIFS(Ausentismo_POST!$B$3:$B$202,F14,Ausentismo_POST!$E$3:$E$202,"Asistió")),"") | I14: =IFERROR(COUNTIFS(Consultas_POST!$B$3:$B$202,F14,Consultas_POST!$F$3:$F$202,"Sí",Consultas_POST!$G$3:$G$202,"No")/COUNTIFS(Consultas_POST!$B$3:$B$202,F14),"") | J14: =COUNTIFS(TPR_PRE!$B$3:$B$202,B14,TPR_PRE!$F$3:$F$202,">=0") | K14: =COUNTIFS(Ausentismo_PRE!$B$3:$B$202,B14,Ausentismo_PRE!$E$3:$E$202,"No asistió")+COUNTIFS(Ausentismo_PRE!$B$3:$B$202,B14,Ausentismo_PRE!$E$3:$E$202,"Asistió") | L14: =COUNTIFS(Consultas_PRE!$B$3:$B$202,B14) | M14: =COUNTIFS(TPR_POST!$B$3:$B$202,F14,TPR_POST!$F$3:$F$202,">=0") | N14: =COUNTIFS(Ausentismo_POST!$B$3:$B$202,F14,Ausentismo_POST!$E$3:$E$202,"No asistió")+COUNTIFS(Ausentismo_POST!$B$3:$B$202,F14,Ausentismo_POST!$E$3:$E$202,"Asistió") | O14: =COUNTIFS(Consultas_POST!$B$3:$B$202,F14) | P14: =IF(AND(J14>0,M14>0),"Sí","No") | Q14: =IF(AND(K14>0,N14>0),"Sí","No") | R14: =IF(AND(L14>0,O14>0),"Sí","No") | S14: =IF(WEEKDAY(B14)=WEEKDAY(F14),"Sí","No")
A16: Esta hoja se calcula automáticamente a partir de las hojas TPR/Ausentismo/Consultas PRE y POST. No editar manualmente.

Sheet Bitacora_Sesiones
A1: Etapa | B1: Par | C1: Fecha | D1: Horario de observación | E1: Observador(es) | F1: Registros | G1: Citas elegibles | H1: Consultas | I1: ¿Hubo atención normal? | J1: Incidencias (feriado, cierre, cambio de personal, falla del sistema)
A2: PRE | B2: 1 | C2: =Sesiones!B2 | D2: 08:30–13:00 | E2: SIMULADO | F2: =Sesiones!J2 | G2: =Sesiones!K2 | H2: =Sesiones!L2 | I2: Sí | J2: SIMULADO
A3: PRE | B3: 2 | C3: =Sesiones!B3 | D3: 08:30–13:00 | E3: SIMULADO | F3: =Sesiones!J3 | G3: =Sesiones!K3 | H3: =Sesiones!L3 | I3: Sí | J3: SIMULADO
A4: PRE | B4: 3 | C4: =Sesiones!B4 | D4: 08:30–13:00 | E4: SIMULADO | F4: =Sesiones!J4 | G4: =Sesiones!K4 | H4: =Sesiones!L4 | I4: Sí | J4: SIMULADO
A5: PRE | B5: 4 | C5: =Sesiones!B5 | D5: 08:30–13:00 | E5: SIMULADO | F5: =Sesiones!J5 | G5: =Sesiones!K5 | H5: =Sesiones!L5 | I5: Sí | J5: SIMULADO
A6: PRE | B6: 5 | C6: =Sesiones!B6 | D6: 08:30–13:00 | E6: SIMULADO | F6: =Sesiones!J6 | G6: =Sesiones!K6 | H6: =Sesiones!L6 | I6: Sí | J6: SIMULADO: no hubo registros de pacientes nuevos en esta sesión
A7: PRE | B7: 6 | C7: =Sesiones!B7 | D7: 08:30–13:00 | E7: SIMULADO | F7: =Sesiones!J7 | G7: =Sesiones!K7 | H7: =Sesiones!L7 | I7: Sí | J7: SIMULADO
A8: PRE | B8: 7 | C8: =Sesiones!B8 | D8: 08:30–13:00 | E8: SIMULADO | F8: =Sesiones!J8 | G8: =Sesiones!K8 | H8: =Sesiones!L8 | I8: Sí | J8: SIMULADO
A9: PRE | B9: 8 | C9: =Sesiones!B9 | D9: 08:30–13:00 | E9: SIMULADO | F9: =Sesiones!J9 | G9: =Sesiones!K9 | H9: =Sesiones!L9 | I9: Sí | J9: SIMULADO
A10: PRE | B10: 9 | C10: =Sesiones!B10 | D10: 08:30–13:00 | E10: SIMULADO | F10: =Sesiones!J10 | G10: =Sesiones!K10 | H10: =Sesiones!L10 | I10: Sí | J10: SIMULADO
A11: PRE | B11: 10 | C11: =Sesiones!B11 | D11: 08:30–13:00 | E11: SIMULADO | F11: =Sesiones!J11 | G11: =Sesiones!K11 | H11: =Sesiones!L11 | I11: Sí | J11: SIMULADO
A12: PRE | B12: 11 | C12: =Sesiones!B12 | D12: 08:30–13:00 | E12: SIMULADO | F12: =Sesiones!J12 | G12: =Sesiones!K12 | H12: =Sesiones!L12 | I12: Sí | J12: SIMULADO
A13: PRE | B13: 12 | C13: =Sesiones!B13 | D13: 08:30–13:00 | E13: SIMULADO | F13: =Sesiones!J13 | G13: =Sesiones!K13 | H13: =Sesiones!L13 | I13: Sí | J13: SIMULADO
A14: PRE | B14: 13 | C14: =Sesiones!B14 | D14: 08:30–13:00 | E14: SIMULADO | F14: =Sesiones!J14 | G14: =Sesiones!K14 | H14: =Sesiones!L14 | I14: Sí | J14: SIMULADO
A15: POST | B15: 1 | C15: =Sesiones!F2 | D15: 08:30–13:00 | E15: SIMULADO | F15: =Sesiones!M2 | G15: =Sesiones!N2 | H15: =Sesiones!O2 | I15: Sí | J15: SIMULADO
A16: POST | B16: 2 | C16: =Sesiones!F3 | D16: 08:30–13:00 | E16: SIMULADO | F16: =Sesiones!M3 | G16: =Sesiones!N3 | H16: =Sesiones!O3 | I16: Sí | J16: SIMULADO
A17: POST | B17: 3 | C17: =Sesiones!F4 | D17: 08:30–13:00 | E17: SIMULADO | F17: =Sesiones!M4 | G17: =Sesiones!N4 | H17: =Sesiones!O4 | I17: Sí | J17: SIMULADO
A18: POST | B18: 4 | C18: =Sesiones!F5 | D18: 08:30–13:00 | E18: SIMULADO | F18: =Sesiones!M5 | G18: =Sesiones!N5 | H18: =Sesiones!O5 | I18: Sí | J18: SIMULADO
A19: POST | B19: 5 | C19: =Sesiones!F6 | D19: 08:30–13:00 | E19: SIMULADO | F19: =Sesiones!M6 | G19: =Sesiones!N6 | H19: =Sesiones!O6 | I19: Sí | J19: SIMULADO
A20: POST | B20: 6 | C20: =Sesiones!F7 | D20: 08:30–13:00 | E20: SIMULADO | F20: =Sesiones!M7 | G20: =Sesiones!N7 | H20: =Sesiones!O7 | I20: Sí | J20: SIMULADO
A21: POST | B21: 7 | C21: =Sesiones!F8 | D21: 08:30–13:00 | E21: SIMULADO | F21: =Sesiones!M8 | G21: =Sesiones!N8 | H21: =Sesiones!O8 | I21: Sí | J21: SIMULADO
A22: POST | B22: 8 | C22: =Sesiones!F9 | D22: 08:30–13:00 | E22: SIMULADO | F22: =Sesiones!M9 | G22: =Sesiones!N9 | H22: =Sesiones!O9 | I22: Sí | J22: SIMULADO
A23: POST | B23: 9 | C23: =Sesiones!F10 | D23: 08:30–13:00 | E23: SIMULADO | F23: =Sesiones!M10 | G23: =Sesiones!N10 | H23: =Sesiones!O10 | I23: Sí | J23: SIMULADO
A24: POST | B24: 10 | C24: =Sesiones!F11 | D24: 08:30–13:00 | E24: SIMULADO | F24: =Sesiones!M11 | G24: =Sesiones!N11 | H24: =Sesiones!O11 | I24: Sí | J24: SIMULADO
A25: POST | B25: 11 | C25: =Sesiones!F12 | D25: 08:30–13:00 | E25: SIMULADO | F25: =Sesiones!M12 | G25: =Sesiones!N12 | H25: =Sesiones!O12 | I25: Sí | J25: SIMULADO
A26: POST | B26: 12 | C26: =Sesiones!F13 | D26: 08:30–13:00 | E26: SIMULADO | F26: =Sesiones!M13 | G26: =Sesiones!N13 | H26: =Sesiones!O13 | I26: Sí | J26: SIMULADO
A27: POST | B27: 13 | C27: =Sesiones!F14 | D27: 08:30–13:00 | E27: SIMULADO | F27: =Sesiones!M14 | G27: =Sesiones!N14 | H27: =Sesiones!O14 | I27: Sí | J27: SIMULADO

Sheet Resumen_PRE_POST
A1: Indicador | B1: PRE (promedio 13 sesiones) | C1: POST (promedio 13 sesiones) | D1: Diferencia | E1: Dirección esperada | F1: Valor global PRE (todos los eventos) | G1: Valor global POST (todos los eventos) | H1: Pares válidos
A2: Tiempo Promedio de Registro (TPR, min) | B2: =IFERROR(AVERAGE(Sesiones!C2:C14),"") | C2: =IFERROR(AVERAGE(Sesiones!G2:G14),"") | D2: =IFERROR(C2-B2,"") | E2: PRE > POST (se espera reducción) | F2: =IFERROR(AVERAGE(TPR_PRE!F3:F202),"") | G2: =IFERROR(AVERAGE(TPR_POST!F3:F202),"") | H2: =COUNTIF(Sesiones!P2:P14,"Sí")
A3: Tasa de Ausentismo (%) | B3: =IFERROR(AVERAGE(Sesiones!D2:D14),"") | C3: =IFERROR(AVERAGE(Sesiones!H2:H14),"") | D3: =IFERROR(C3-B3,"") | E3: PRE > POST (se espera reducción) | F3: =IFERROR(COUNTIF(Ausentismo_PRE!E3:E202,"No asistió")/(COUNTIF(Ausentismo_PRE!E3:E202,"No asistió")+COUNTIF(Ausentismo_PRE!E3:E202,"Asistió")),"") | G3: =IFERROR(COUNTIF(Ausentismo_POST!E3:E202,"No asistió")/(COUNTIF(Ausentismo_POST!E3:E202,"No asistió")+COUNTIF(Ausentismo_POST!E3:E202,"Asistió")),"") | H3: =COUNTIF(Sesiones!Q2:Q14,"Sí")
A4: Nivel de Consultas Atendidas (%) | B4: =IFERROR(AVERAGE(Sesiones!E2:E14),"") | C4: =IFERROR(AVERAGE(Sesiones!I2:I14),"") | D4: =IFERROR(C4-B4,"") | E4: POST > PRE (se espera aumento) | F4: =IFERROR(COUNTIFS(Consultas_PRE!F3:F202,"Sí",Consultas_PRE!G3:G202,"No")/COUNT(Consultas_PRE!B3:B202),"") | G4: =IFERROR(COUNTIFS(Consultas_POST!F3:F202,"Sí",Consultas_POST!G3:G202,"No")/COUNT(Consultas_POST!B3:B202),"") | H4: =COUNTIF(Sesiones!R2:R14,"Sí")
A6: Los valores PRE y POST (columnas B y C) son el promedio de los valores por sesión; las columnas F y G calculan el indicador sobre el total de eventos de cada etapa. El contraste estadístico se realiza en SPSS con los pares válidos de la hoja Sesiones.
A7: Los valores se calculan automáticamente a partir de la hoja Sesiones, que a su vez se alimenta de los registros reales ingresados en las hojas PRE/POST.

Sheet SPSS_Pares
A1: par | B1: fecha_pre | C1: fecha_post | D1: mismo_dia | E1: tpr_pre | F1: tpr_post | G1: ta_pre | H1: ta_post | I1: nca_pre | J1: nca_post
A2: 1 | B2: =TEXT(Sesiones!B2,"dd/mm/yyyy") | C2: =TEXT(Sesiones!F2,"dd/mm/yyyy") | D2: =IF(Sesiones!S2="Sí",1,0) | E2: =IF(Sesiones!P2="Sí",ROUND(Sesiones!C2,2),"") | F2: =IF(Sesiones!P2="Sí",ROUND(Sesiones!G2,2),"") | G2: =IF(Sesiones!Q2="Sí",ROUND(Sesiones!D2*100,2),"") | H2: =IF(Sesiones!Q2="Sí",ROUND(Sesiones!H2*100,2),"") | I2: =IF(Sesiones!R2="Sí",ROUND(Sesiones!E2*100,2),"") | J2: =IF(Sesiones!R2="Sí",ROUND(Sesiones!I2*100,2),"")
A3: 2 | B3: =TEXT(Sesiones!B3,"dd/mm/yyyy") | C3: =TEXT(Sesiones!F3,"dd/mm/yyyy") | D3: =IF(Sesiones!S3="Sí",1,0) | E3: =IF(Sesiones!P3="Sí",ROUND(Sesiones!C3,2),"") | F3: =IF(Sesiones!P3="Sí",ROUND(Sesiones!G3,2),"") | G3: =IF(Sesiones!Q3="Sí",ROUND(Sesiones!D3*100,2),"") | H3: =IF(Sesiones!Q3="Sí",ROUND(Sesiones!H3*100,2),"") | I3: =IF(Sesiones!R3="Sí",ROUND(Sesiones!E3*100,2),"") | J3: =IF(Sesiones!R3="Sí",ROUND(Sesiones!I3*100,2),"")
A4: 3 | B4: =TEXT(Sesiones!B4,"dd/mm/yyyy") | C4: =TEXT(Sesiones!F4,"dd/mm/yyyy") | D4: =IF(Sesiones!S4="Sí",1,0) | E4: =IF(Sesiones!P4="Sí",ROUND(Sesiones!C4,2),"") | F4: =IF(Sesiones!P4="Sí",ROUND(Sesiones!G4,2),"") | G4: =IF(Sesiones!Q4="Sí",ROUND(Sesiones!D4*100,2),"") | H4: =IF(Sesiones!Q4="Sí",ROUND(Sesiones!H4*100,2),"") | I4: =IF(Sesiones!R4="Sí",ROUND(Sesiones!E4*100,2),"") | J4: =IF(Sesiones!R4="Sí",ROUND(Sesiones!I4*100,2),"")
A5: 4 | B5: =TEXT(Sesiones!B5,"dd/mm/yyyy") | C5: =TEXT(Sesiones!F5,"dd/mm/yyyy") | D5: =IF(Sesiones!S5="Sí",1,0) | E5: =IF(Sesiones!P5="Sí",ROUND(Sesiones!C5,2),"") | F5: =IF(Sesiones!P5="Sí",ROUND(Sesiones!G5,2),"") | G5: =IF(Sesiones!Q5="Sí",ROUND(Sesiones!D5*100,2),"") | H5: =IF(Sesiones!Q5="Sí",ROUND(Sesiones!H5*100,2),"") | I5: =IF(Sesiones!R5="Sí",ROUND(Sesiones!E5*100,2),"") | J5: =IF(Sesiones!R5="Sí",ROUND(Sesiones!I5*100,2),"")
A6: 5 | B6: =TEXT(Sesiones!B6,"dd/mm/yyyy") | C6: =TEXT(Sesiones!F6,"dd/mm/yyyy") | D6: =IF(Sesiones!S6="Sí",1,0) | E6: =IF(Sesiones!P6="Sí",ROUND(Sesiones!C6,2),"") | F6: =IF(Sesiones!P6="Sí",ROUND(Sesiones!G6,2),"") | G6: =IF(Sesiones!Q6="Sí",ROUND(Sesiones!D6*100,2),"") | H6: =IF(Sesiones!Q6="Sí",ROUND(Sesiones!H6*100,2),"") | I6: =IF(Sesiones!R6="Sí",ROUND(Sesiones!E6*100,2),"") | J6: =IF(Sesiones!R6="Sí",ROUND(Sesiones!I6*100,2),"")
A7: 6 | B7: =TEXT(Sesiones!B7,"dd/mm/yyyy") | C7: =TEXT(Sesiones!F7,"dd/mm/yyyy") | D7: =IF(Sesiones!S7="Sí",1,0) | E7: =IF(Sesiones!P7="Sí",ROUND(Sesiones!C7,2),"") | F7: =IF(Sesiones!P7="Sí",ROUND(Sesiones!G7,2),"") | G7: =IF(Sesiones!Q7="Sí",ROUND(Sesiones!D7*100,2),"") | H7: =IF(Sesiones!Q7="Sí",ROUND(Sesiones!H7*100,2),"") | I7: =IF(Sesiones!R7="Sí",ROUND(Sesiones!E7*100,2),"") | J7: =IF(Sesiones!R7="Sí",ROUND(Sesiones!I7*100,2),"")
A8: 7 | B8: =TEXT(Sesiones!B8,"dd/mm/yyyy") | C8: =TEXT(Sesiones!F8,"dd/mm/yyyy") | D8: =IF(Sesiones!S8="Sí",1,0) | E8: =IF(Sesiones!P8="Sí",ROUND(Sesiones!C8,2),"") | F8: =IF(Sesiones!P8="Sí",ROUND(Sesiones!G8,2),"") | G8: =IF(Sesiones!Q8="Sí",ROUND(Sesiones!D8*100,2),"") | H8: =IF(Sesiones!Q8="Sí",ROUND(Sesiones!H8*100,2),"") | I8: =IF(Sesiones!R8="Sí",ROUND(Sesiones!E8*100,2),"") | J8: =IF(Sesiones!R8="Sí",ROUND(Sesiones!I8*100,2),"")
A9: 8 | B9: =TEXT(Sesiones!B9,"dd/mm/yyyy") | C9: =TEXT(Sesiones!F9,"dd/mm/yyyy") | D9: =IF(Sesiones!S9="Sí",1,0) | E9: =IF(Sesiones!P9="Sí",ROUND(Sesiones!C9,2),"") | F9: =IF(Sesiones!P9="Sí",ROUND(Sesiones!G9,2),"") | G9: =IF(Sesiones!Q9="Sí",ROUND(Sesiones!D9*100,2),"") | H9: =IF(Sesiones!Q9="Sí",ROUND(Sesiones!H9*100,2),"") | I9: =IF(Sesiones!R9="Sí",ROUND(Sesiones!E9*100,2),"") | J9: =IF(Sesiones!R9="Sí",ROUND(Sesiones!I9*100,2),"")
A10: 9 | B10: =TEXT(Sesiones!B10,"dd/mm/yyyy") | C10: =TEXT(Sesiones!F10,"dd/mm/yyyy") | D10: =IF(Sesiones!S10="Sí",1,0) | E10: =IF(Sesiones!P10="Sí",ROUND(Sesiones!C10,2),"") | F10: =IF(Sesiones!P10="Sí",ROUND(Sesiones!G10,2),"") | G10: =IF(Sesiones!Q10="Sí",ROUND(Sesiones!D10*100,2),"") | H10: =IF(Sesiones!Q10="Sí",ROUND(Sesiones!H10*100,2),"") | I10: =IF(Sesiones!R10="Sí",ROUND(Sesiones!E10*100,2),"") | J10: =IF(Sesiones!R10="Sí",ROUND(Sesiones!I10*100,2),"")
A11: 10 | B11: =TEXT(Sesiones!B11,"dd/mm/yyyy") | C11: =TEXT(Sesiones!F11,"dd/mm/yyyy") | D11: =IF(Sesiones!S11="Sí",1,0) | E11: =IF(Sesiones!P11="Sí",ROUND(Sesiones!C11,2),"") | F11: =IF(Sesiones!P11="Sí",ROUND(Sesiones!G11,2),"") | G11: =IF(Sesiones!Q11="Sí",ROUND(Sesiones!D11*100,2),"") | H11: =IF(Sesiones!Q11="Sí",ROUND(Sesiones!H11*100,2),"") | I11: =IF(Sesiones!R11="Sí",ROUND(Sesiones!E11*100,2),"") | J11: =IF(Sesiones!R11="Sí",ROUND(Sesiones!I11*100,2),"")
A12: 11 | B12: =TEXT(Sesiones!B12,"dd/mm/yyyy") | C12: =TEXT(Sesiones!F12,"dd/mm/yyyy") | D12: =IF(Sesiones!S12="Sí",1,0) | E12: =IF(Sesiones!P12="Sí",ROUND(Sesiones!C12,2),"") | F12: =IF(Sesiones!P12="Sí",ROUND(Sesiones!G12,2),"") | G12: =IF(Sesiones!Q12="Sí",ROUND(Sesiones!D12*100,2),"") | H12: =IF(Sesiones!Q12="Sí",ROUND(Sesiones!H12*100,2),"") | I12: =IF(Sesiones!R12="Sí",ROUND(Sesiones!E12*100,2),"") | J12: =IF(Sesiones!R12="Sí",ROUND(Sesiones!I12*100,2),"")
A13: 12 | B13: =TEXT(Sesiones!B13,"dd/mm/yyyy") | C13: =TEXT(Sesiones!F13,"dd/mm/yyyy") | D13: =IF(Sesiones!S13="Sí",1,0) | E13: =IF(Sesiones!P13="Sí",ROUND(Sesiones!C13,2),"") | F13: =IF(Sesiones!P13="Sí",ROUND(Sesiones!G13,2),"") | G13: =IF(Sesiones!Q13="Sí",ROUND(Sesiones!D13*100,2),"") | H13: =IF(Sesiones!Q13="Sí",ROUND(Sesiones!H13*100,2),"") | I13: =IF(Sesiones!R13="Sí",ROUND(Sesiones!E13*100,2),"") | J13: =IF(Sesiones!R13="Sí",ROUND(Sesiones!I13*100,2),"")
A14: 13 | B14: =TEXT(Sesiones!B14,"dd/mm/yyyy") | C14: =TEXT(Sesiones!F14,"dd/mm/yyyy") | D14: =IF(Sesiones!S14="Sí",1,0) | E14: =IF(Sesiones!P14="Sí",ROUND(Sesiones!C14,2),"") | F14: =IF(Sesiones!P14="Sí",ROUND(Sesiones!G14,2),"") | G14: =IF(Sesiones!Q14="Sí",ROUND(Sesiones!D14*100,2),"") | H14: =IF(Sesiones!Q14="Sí",ROUND(Sesiones!H14*100,2),"") | I14: =IF(Sesiones!R14="Sí",ROUND(Sesiones!E14*100,2),"") | J14: =IF(Sesiones!R14="Sí",ROUND(Sesiones!I14*100,2),"")
A16: Hoja generada automáticamente. No la edite. TPR en minutos; TA y NCA en porcentaje. Las celdas vacías indican pares no válidos (sin eventos en alguna etapa). La sintaxis Analisis_SPSS.sps importa esta hoja.

Sheet Control_Calidad
A1: Hoja | B1: Registros | C1: OK | D1: Faltan datos | E1: Código no registrado | F1: Tiempo no válido | G1: Revisar (> 60 min) | H1: Contradicción
A2: TPR_PRE | B2: =COUNT(TPR_PRE!B3:B202) | C2: =COUNTIF(TPR_PRE!H3:H202,"OK") | D2: =COUNTIF(TPR_PRE!H3:H202,"Faltan datos") | E2: =COUNTIF(TPR_PRE!H3:H202,"Código no registrado") | F2: =COUNTIF(TPR_PRE!H3:H202,"Tiempo no válido") | G2: =COUNTIF(TPR_PRE!H3:H202,"Revisar: más de 60 min") | H2: =COUNTIF(TPR_PRE!H3:H202,"Contradicción: resuelta y derivada")
A3: TPR_POST | B3: =COUNT(TPR_POST!B3:B202) | C3: =COUNTIF(TPR_POST!H3:H202,"OK") | D3: =COUNTIF(TPR_POST!H3:H202,"Faltan datos") | E3: =COUNTIF(TPR_POST!H3:H202,"Código no registrado") | F3: =COUNTIF(TPR_POST!H3:H202,"Tiempo no válido") | G3: =COUNTIF(TPR_POST!H3:H202,"Revisar: más de 60 min") | H3: =COUNTIF(TPR_POST!H3:H202,"Contradicción: resuelta y derivada")
A4: Ausentismo_PRE | B4: =COUNT(Ausentismo_PRE!B3:B202) | C4: =COUNTIF(Ausentismo_PRE!H3:H202,"OK") | D4: =COUNTIF(Ausentismo_PRE!H3:H202,"Faltan datos") | E4: =COUNTIF(Ausentismo_PRE!H3:H202,"Código no registrado") | F4: =COUNTIF(Ausentismo_PRE!H3:H202,"Tiempo no válido") | G4: =COUNTIF(Ausentismo_PRE!H3:H202,"Revisar: más de 60 min") | H4: =COUNTIF(Ausentismo_PRE!H3:H202,"Contradicción: resuelta y derivada")
A5: Ausentismo_POST | B5: =COUNT(Ausentismo_POST!B3:B202) | C5: =COUNTIF(Ausentismo_POST!H3:H202,"OK") | D5: =COUNTIF(Ausentismo_POST!H3:H202,"Faltan datos") | E5: =COUNTIF(Ausentismo_POST!H3:H202,"Código no registrado") | F5: =COUNTIF(Ausentismo_POST!H3:H202,"Tiempo no válido") | G5: =COUNTIF(Ausentismo_POST!H3:H202,"Revisar: más de 60 min") | H5: =COUNTIF(Ausentismo_POST!H3:H202,"Contradicción: resuelta y derivada")
A6: Consultas_PRE | B6: =COUNT(Consultas_PRE!B3:B202) | C6: =COUNTIF(Consultas_PRE!I3:I202,"OK") | D6: =COUNTIF(Consultas_PRE!I3:I202,"Faltan datos") | E6: =COUNTIF(Consultas_PRE!I3:I202,"Código no registrado") | F6: =COUNTIF(Consultas_PRE!I3:I202,"Tiempo no válido") | G6: =COUNTIF(Consultas_PRE!I3:I202,"Revisar: más de 60 min") | H6: =COUNTIF(Consultas_PRE!I3:I202,"Contradicción: resuelta y derivada")
A7: Consultas_POST | B7: =COUNT(Consultas_POST!B3:B202) | C7: =COUNTIF(Consultas_POST!I3:I202,"OK") | D7: =COUNTIF(Consultas_POST!I3:I202,"Faltan datos") | E7: =COUNTIF(Consultas_POST!I3:I202,"Código no registrado") | F7: =COUNTIF(Consultas_POST!I3:I202,"Tiempo no válido") | G7: =COUNTIF(Consultas_POST!I3:I202,"Revisar: más de 60 min") | H7: =COUNTIF(Consultas_POST!I3:I202,"Contradicción: resuelta y derivada")
A8: Consentimientos | B8: =COUNTIF(Consentimientos!B2:B46,"Sí") | C8: =COUNTIF(Consentimientos!G2:G46,"OK") | D8: =COUNTIF(Consentimientos!G2:G46,"Falta fecha de firma")+COUNTIF(Consentimientos!G2:G46,"Sin consentimiento*")
A10: Regla: antes de pasar los datos a SPSS, todas las filas deben estar en "OK" o tener su corrección documentada. "Revisar" no implica excluir: se verifica contra la fuente y se conserva si es real.
